task,cluster,beta0,beta1,beta2,beta3,beta4,beta5,beta6,beta7,beta8,beta9,beta10,beta11,beta12,beta13,beta14,beta15,beta16,beta17,beta18,beta19,beta20,beta21,beta22,beta23,beta24,beta25,beta26,beta27,beta28,beta29,beta30,beta31,beta32,beta33,beta34,beta35,beta36,beta37,beta38,beta39,beta40,beta41,beta42,beta43,beta44,beta45,beta46,beta47,beta48,beta49,beta50,beta51,beta52,beta53,beta54,beta55,beta56,beta57,beta58,beta59,beta60,beta61,beta62,beta63,beta64,beta65,beta66,beta67,beta68,beta69,beta70,beta71,beta72,beta73,beta74,beta75,beta76,beta77,beta78,beta79,beta80,beta81,beta82,beta83,beta84,beta85,beta86,beta87,beta88,beta89,beta90,beta91,beta92,beta93,beta94,beta95,beta96,beta97,beta98,beta99,beta100
0.0,0.0,0.20372085063125633,-0.7241544945866248,0.5732793068867896,0.18356583807846935,-0.10372692174516612,0.35306993689022764,0.5085542322818739,-0.2331136300915153,-0.018161300381104566,-1.2000891103290152,0.4468059075382783,0.5303658621144294,0.308632260197546,-0.8376277483924939,-0.20801094932034092,-0.020355484524764437,0.15430536877215167,-0.03595058449741231,0.820153273328619,-0.8312719341460497,0.03407236021856026,-0.3966214788555744,0.19415271515674817,0.42985252711093314,0.21896288994124458,-0.753865121708785,0.43291201018449305,-1.227490742341545,-0.3135696164227074,0.32980329468189007,-0.6540814346093281,0.47928026838029353,0.2939295327114977,0.5606752535333607,0.6296514024598157,-0.37827304808242823,-0.0321196982246448,-0.1991666723792963,0.4630627725637517,1.517824716222696,0.15144588228126424,-0.41145841592555554,0.32582575657403745,-0.975556003166024,0.03412636380386773,-0.09475827815733712,-0.01475731903791954,-0.2833004167104371,0.7478690249935082,0.44778819161891437,0.49118260865535823,-0.6556072343017147,-0.4895655538619663,0.1892766445190765,-0.7930520785258041,-0.2152588290160105,0.33787937442741656,0.22057455653530128,0.25739607620803034,0.55783434911504,-0.19746434184686218,-0.09084329449517882,-0.05337930518017095,-0.06395908827648898,0.6172515260758955,-0.8775598325038555,0.6357596847692992,-0.311499129756126,0.21657857858331098,0.3122878529572221,-0.2835836068629885,0.28348719237565834,0.39592815466716424,0.44822457040060093,-0.11451667118894326,0.9789807394350303,0.3042876043624772,-0.4339193647804981,0.20012239146142627,-0.13260754775652836,0.564496588274201,-1.2722199898208242,0.6527703429292803,0.005033434654616836,-0.2902489592206399,0.31535197818859845,0.35643829380493874,0.5132097889491417,0.15850436955033315,0.7477271896144113,0.33746982289660593,0.09088640492986533,-0.37306361970733315,0.000911169540940171,0.47902139978127345,-0.25807821862692104,-0.09974105492672838,-0.09851135383236859,-0.5740765436832329,-0.16936573615355183,0.03748952232999367
1.0,0.0,0.2820206929343639,-0.7141442037225183,0.1790988029932845,0.07770040822064553,-0.5664618565173221,0.2602612866840719,0.5775248565545648,-0.38091481072660804,0.028359501567540423,-1.0183614473243026,0.6818034946169491,0.44786655811403664,0.24857175125724731,-1.367521355980649,-0.14461885390025295,0.12663254884790315,0.2792472768344161,-0.10387995334145192,0.7685018884954643,-0.578485087552469,-0.3733467682225528,-0.42026903551059946,0.20665997254728852,0.36323311099537603,0.16958932441270003,-0.07383940706141615,0.26841006867612066,-0.6453583228903124,-0.3459100623401927,0.32788190343837054,-0.004696575673748399,0.19457352251710014,0.3928258696012189,0.8639080340347562,0.35508594987652015,0.04422673540389204,-0.022295003917675617,-0.14999872309440143,0.11798520425208242,0.9325576594095133,-0.21116169520223635,-0.5548313069846407,0.029013517103907115,-1.2573859043257576,-0.368377617675403,-0.5618466385864932,-0.06290634146711226,0.16332517661191925,0.41834324934987005,0.14058654293082265,0.3777321656217775,-0.40713468998745905,-0.7119545592323583,-0.20886972110175636,-0.3923252860107107,-0.19375665800702774,0.08014296360044745,-0.232054998388415,0.2557210190317638,0.9409774706131808,-0.37635076115353594,-0.17648752523021402,0.14562949905347997,-0.21527898000137624,0.276003588390528,-1.121624828083942,1.3853119135595517,-0.537810663631954,0.1168912899752386,0.5120960125940108,-0.3834122874198663,0.3238188019599965,0.34975783831405766,0.21903434167071795,-0.7029748492910297,1.019154110946782,-0.060454237053698776,-0.5037376959552933,0.38657079795023497,0.013047221422829498,0.3239559865979877,-1.5556678241558435,0.7867815886054302,0.11468732813075863,0.027844053067438222,-0.715686429969385,0.15650664958101987,0.6857277497744244,0.1255678697287295,1.1037689018161647,-0.08782424510429272,-0.06770460624271593,-0.5748702076691502,0.034612564271354895,0.55717732803976,-0.0732890322060534,-0.014791858172995193,-0.1791658675583926,-0.56568613080121,-0.17751708592993093,0.18736789759380768
2.0,1.0,0.06592190623761196,0.18504692542288795,0.11354617035642689,0.4208177979112132,0.939451703903869,-0.32431300421039927,-0.2490824127900067,0.6000576464585063,-0.26934276428230763,0.28712949564593643,-0.9234028359676858,-0.33558175942939733,0.2537744377090906,0.3225515588700669,-0.08702660168669023,0.16707599130126102,-0.9804271724603739,-0.16733264449093932,0.5157149274830354,-0.12409855958309927,-0.4016596703621027,-0.6461841554865269,0.2491028752400728,-1.0196362558528007,0.19899245607153299,-0.34841007987885037,-0.014417077750539242,0.15238320119316912,0.5029844573242094,0.09657454041118996,-0.06255832822433331,0.615854711820799,1.143021603403818,0.4431405423096831,-0.6385118224196265,-1.0384614737091618,1.084991364740062,-0.9433134897698656,0.5940980990763686,0.7954153206127019,-0.17432778641811472,0.4321979948905493,-0.5949750378089205,0.5727882652349893,-0.36763049944017995,0.30191627873059657,0.7134840045629157,-0.0679701873477712,0.9909013176776025,0.12228126816318799,0.4520003978734883,-0.13933828249169794,0.08901986217753341,0.6438200808353712,-0.48910211345178345,-1.053075722264996,-0.6405298064724295,-0.7619039033358632,-0.32123518259906203,0.21584514679739317,-0.5364388477102733,-0.16855560878680448,-0.5363534708007607,-0.38371805000822323,0.1787055220245864,0.4819976300598039,-0.08832914816569158,0.4678900699024345,0.09520166261562818,-0.014671305817481429,-0.3931585995829532,-0.6660723537714501,-0.8267712612396614,0.4777788444474312,-0.2432609077292225,0.940249232062738,0.23442729749857585,-0.8530097678469698,0.4173806817453178,-0.9322326946109074,-0.6994687362130985,0.14965431249902134,0.20805798596273034,0.5135180588421207,-0.8671360306941536,-0.584674162966424,-0.38022565323583885,-0.27549579850098155,-0.45049006536912567,-0.2598891037989869,-0.2533678166071305,-0.8707008723959986,-0.3963468129151419,0.6460856703023137,-0.11732813578871011,0.02186565141472857,0.2161746957681654,0.12120965100882357,-0.2725744851907867,-0.3456267049561279,-0.2718134797585629
3.0,1.0,0.2650781540786353,0.45247526778837477,-0.1360525708620255,0.21117049582789318,0.7035369929698774,-0.477328249979477,-0.42349309751298503,0.6435469376878644,-0.7922465642520984,0.5535413641640363,-0.9110876781126216,-0.6575485208052552,0.6296278845345404,0.19984181335835224,-0.24987607539626822,0.534725083195544,-0.5075625433814057,0.006721126288953182,0.5127083669407042,-0.1124963198011933,-0.22279565438402027,-0.7086930062753296,0.14867362854444877,-1.1659545941512732,0.33744061865997393,-0.3697675960218181,0.0993761546039367,0.3976326460869905,0.35374470802342867,0.24508282419419591,0.12340649165269374,0.3270673585932393,1.265126064109565,0.4030745303119919,-0.7205624199870785,-1.0736671382622343,0.8894106494785654,-0.607884747658205,0.4676547741764865,0.20679551397078255,-0.4634472584693857,0.4848360976078442,-0.07866626172886171,0.5593124921875811,-0.41317940206490766,0.7026119080106501,0.29490321493208116,0.22601278606484027,1.3275466187706808,0.11228628181004943,0.5866297753537911,-0.030207771460632638,0.20515213010654682,0.31118342230988477,-0.4310768201556917,-1.105891884234227,-0.04921876460131577,-0.29802962718311393,0.043058206703727925,0.4523060061906883,-0.5093158180202215,-0.020002705623732214,-0.3029951243033116,-0.5232352797303742,-0.050882981881065506,0.5529188121129108,0.4455936424300785,0.5950731973068385,0.5629080650866596,0.15585211829193968,-0.39017309258796323,-0.17757582794942162,-0.9161204214511518,-0.04667567957847736,-0.3828583861185443,1.0677285422675378,0.02898871035771705,-0.8117159096238946,0.6693646700100386,-0.7153135385868153,-0.5394552909092452,0.261098814373002,0.04561089207532595,0.6685249659660543,-0.8366609165878794,-0.43739100713229273,-0.044638985923830865,-0.3591065378452132,-0.823242115839484,0.35112165898616843,-0.3410657452133603,-0.919710715789515,-0.6121175467796389,0.9412224666623772,-0.2682779431238876,-0.35896598592575096,0.36071256185397604,0.19445772051763988,-0.2811259464004463,-0.15143554844144522,-0.4435568057983207
4.0,0.0,0.15910286198589954,-0.636369002970995,0.2943854790823547,-0.2615427442041257,-0.34981918048246174,0.09474276825611705,0.44083801049391247,-0.2315670735309417,-0.0021636518855529217,-1.2514449689189946,0.7544806677443223,0.22172086838023403,0.5272537632328813,-1.1082297147059763,-0.03956465655021674,-0.376841690552992,-0.1416435737771667,0.046497161730171405,0.8358252286955203,-0.873174089923388,0.035397402204851394,-0.2544397929435634,0.31117044113036907,0.2840354638930166,0.6911206299683963,0.02644482039107049,0.5941977005178657,-1.1733985570227339,-0.04744977049206047,0.5623960263567944,0.13297325290492365,-0.025851002047746013,0.3740083467176616,0.6759309558871758,0.4331827329032215,-0.02270572721413046,0.06815978752878843,-0.5392419567711502,0.10360240644921342,1.3471301887345486,0.08570433961338449,-0.2656563853988043,-0.13199447162232256,-0.9414681276395602,-0.027846481630035863,-0.5185065961766977,-0.06297044156418309,-0.11232842672281708,0.3872028808046016,0.15294176781498722,0.37479931131935773,-0.8507701395710942,-0.5070270085936264,-0.2681475147091968,-0.7099051370510494,-0.06155441655835131,0.1331426583622304,-0.1390299783281326,0.4218102214546703,0.7389440790486732,-0.9932897623591258,-0.454569693895187,0.15872244707929567,-0.04771262432582258,0.3584698537422742,-1.2732178126077747,0.931844895382148,-0.6363569329291474,0.16901347808558348,0.3567592414865569,-0.1710855924091374,0.2996237446424192,0.3033389171854643,0.6300560780412168,-0.5547834037140704,1.3182006722218587,-0.16770014354219193,-0.574876626007141,0.681992166147638,0.14932717406175955,0.3335147434444165,-1.4556265561808164,1.1063538618829458,0.0030031896691235516,0.09584688870416569,-0.27218026746475515,0.4336786150932294,0.41160232784598755,-0.06390244152869168,0.5339133319705484,-0.10216166406280043,-0.37049401795166975,0.02814713300720062,-0.2861689097285338,0.2271508122837084,-0.05937946690843138,-0.4546641238199519,0.20828661758723144,-0.36272430602025607,-0.058056836752392954,0.10169359866660527
5.0,4.0,0.08436068242402021,-0.20993435064110538,0.4812318775969166,0.8583662783468351,0.45597145721868837,0.2316383912712456,-0.5387211513701029,0.4144881185233489,0.21663748282813405,-0.06033919227644091,-0.15193625302454544,0.16062030943867384,0.5312051678369761,0.3143904467635529,-1.0206534085199883,-0.4011311471380221,-0.1807223350438647,-0.04246378538808346,-0.0046079163108781185,0.35994447225134124,0.03023584141382471,-0.3939059645883718,0.20466178197166557,-0.2660251526191778,-0.1369325259837732,0.09002573998835729,-0.6368968692643232,-0.048785661667522795,0.5993253051577014,-0.8670355188923619,-0.8778206030578397,0.5725886484710385,-0.5313498859135825,-0.03880583278162324,1.2878536304649226,-0.1773706706381264,-0.2790234520787707,0.47038663135095904,-0.04501282624660545,0.263055725383192,-0.18063992485509464,-0.7363015297907889,0.1881805864943925,-0.05060669271587376,-0.7087065716299145,-0.316695444516504,-0.7960357255233557,-0.37163384087853246,0.563812782375898,-0.3913067176919641,-0.5616754491348968,0.04346417423604265,-0.011508613087579667,0.6361562065638527,-0.5965483451514192,-0.7877500942393981,0.8872029410775886,-0.7074879986580422,-0.7037777384648306,0.27965832125299384,0.32615277105630547,0.2293250155621924,-0.24612986362047903,-0.20840252226629197,0.009240555675456119,-0.47966344514278203,0.636594448928969,-0.19234266733311373,0.18045709652798042,0.9756750939771887,-0.40106204358661857,-0.2280608983935226,-0.46299797876897164,-0.28833244762060145,-0.002699977271070575,0.1432013372224054,-0.5340909050323189,-0.9294605956893837,-0.020621743323459535,-0.2410725060212437,-0.7559086427367143,0.31453921715881067,-0.6196995069821313,0.5089233561057355,-0.4970376744495119,-1.0863644492567066,0.36028806583058026,0.4188104978399202,-0.4115408541599348,-0.6847874149590458,0.14920183187498048,0.17321868254689332,0.17706330086035163,-0.04360205107406525,-1.0795654340900969,-0.6741898578844191,0.24740695502937665,0.5654050711465795,-0.525610425844257,-0.02936007334511024,-0.2519495169146999
6.0,4.0,-0.24798883004398237,0.2838703248747017,0.28199753060382093,0.7310660146026267,0.4838114478639297,0.04876684438137077,-0.25671350113014846,0.6468673252769496,0.4919803517434954,-0.3976811699245965,-0.26528633847579364,-0.0007670847273800602,-0.029480678114007786,0.09525029908475159,-0.8307615738905205,-0.8589923521800068,-0.5567233518979076,-0.31790555475469656,0.1475035689251939,0.623780724757152,-0.014307322732733121,-0.3815427189536752,0.18924946502300574,-0.04766319980542655,-0.1346143430259768,0.24634077761451223,-0.6890698557218373,-0.45733168190499407,0.8120502475034841,-0.4463366139533701,-0.9043730685375311,0.7629469734170954,-0.3281943822440482,-0.04716973173852225,1.0001337924482807,-0.4051308870018158,-0.10570046756833551,-0.0022627188914713936,-0.3961691774357639,0.507246009733864,-0.3138776874658666,-0.5292337374859746,0.023293351909405124,0.2810342002742605,-0.7883817803199547,-0.12014729668028967,-0.7594320584679112,0.040932321369421404,0.1259289772395514,-0.22374562278110058,-0.36568077072299426,0.20499202102915776,0.09982390743480357,0.529336867982106,-0.8127932241735676,-0.20887756929909318,1.18562085510568,-0.8009390111299141,-0.35600101898582115,0.38454755463221013,0.04280464722655905,0.4847481218333004,0.25848213653631746,-0.14691138890136426,-0.13609586137688726,-0.2808233778208062,1.1134468256883217,-0.4973870985988231,-0.06350855468214589,1.183691408823388,-0.21709737193222173,0.5141292723371617,0.05257717124538888,-0.6701571066582395,-0.023226942997365857,0.380611279077411,0.048085059601638,-0.5592127174818868,0.17115240293704295,0.002902754779252087,-0.991804497181502,-0.41057954883613473,-0.08096894153324335,0.1643229806838027,-0.4033007865188777,-1.3898307422568346,0.5107466715348665,0.7402825468113461,0.14172157186473078,-0.6450284359580299,-0.22854783719961447,-0.1561135113451454,0.018683919787382014,0.053839131379136325,-1.138615870456085,-0.5016402862885522,0.10949652088550449,0.31319573999199596,-0.030146151212661065,-0.02574243120262642,-0.6660491893569307
7.0,2.0,0.363110866368319,-0.29051250681608953,0.39093588684392006,-0.4643456198244009,0.038773224280598206,0.10338321899042217,0.7920161760360813,0.3685586810011485,0.47718234816726346,-0.2103473156998108,0.9091329556367125,1.1997613436132677,1.0182866027282014,0.5289772455728615,0.4151350459127189,-0.6680931149163281,0.3014856789716056,0.1666418584583903,-0.08274625648364481,0.8774725104598518,0.5788519195351095,0.3574282834236707,0.36209189259112246,-1.1723674234552266,-0.10379919011668547,-0.30513919832780523,0.4948148815566665,0.09259860614012015,0.3825194151470876,0.2688136376779219,0.08734169474972407,-0.16023756115588483,-0.6919509337502604,0.001090461215411967,0.25434840821509075,1.3620784992362718,0.19250784692473083,0.2304550134470027,-0.4228966337902873,0.2896554069401729,0.5669351759188916,-0.7653050990056429,-0.19919659993497324,0.1195827252321997,0.4730508326405213,0.4056161609007302,-0.14119395514198907,-0.049639155828984816,0.8066855875828534,-0.7894507944919088,-0.5372864570369944,0.13949782867784877,-0.2863914739827676,-0.798034643391732,-0.20705829978765633,0.26809463240720516,-0.3363227344376581,-0.4988219281763523,0.7232803236217464,0.12496574529871261,0.2195208727483422,0.488522194231207,-0.13923727617141746,0.5118290452371965,0.11128373124674854,0.6526881421575033,-0.11624629505410677,0.09085090574237019,0.03125089081738238,-0.27529254676824244,-0.1474490492186575,-0.3544792483368846,0.02231339995883387,0.3836112556795867,-0.06897669754585216,0.20796740399288544,0.09869542305645101,-0.181100706639223,-0.05293462341041694,-0.0732856477086904,-0.9872460177354232,0.8129362506078273,0.13992015230930993,-0.43668674741066094,-0.6392925840471232,0.5185072471831161,0.04872471200772449,0.2735165491880956,-0.010596526038448517,0.6393158357321046,-0.7051881068775996,0.42970753001347817,-0.10771697288673678,0.6543275348173014,-0.25089386346962195,-0.1375202173097662,-0.9360191565281032,-0.1290218628729652,0.48916940134888287,0.32746471816399886,-0.3434061771712729
8.0,4.0,-0.34973337645784747,-0.442767280339063,0.581394518191778,1.0471475847563305,0.7833860950644788,0.02962697211285939,-0.5745314587164492,0.3707667024868769,0.5675197948203986,-0.4268379179557697,-0.22216295686514573,0.0473523840806442,0.6588014782275328,0.23026155560497488,-1.2775301341280008,-0.6050229235434225,-0.4278105775336378,0.07219153473443449,0.11996083299938817,0.1048250785703357,-0.16348640963501207,-0.02632135077208811,0.34834196636656006,-0.0008842895478098564,-0.0029983022721151165,-0.036091054610285334,-0.4607788368476031,-0.2882422338944636,0.9672626243438598,-0.8168294780655285,-0.9415605520681314,0.7130543050450299,-0.11326067565107545,-0.14849792517605997,1.0208760458482338,-0.4489952659766948,0.04494462307829167,0.4839533083094014,0.10464597167599952,-0.22244241191831413,-0.4732874931098451,-0.056406768100475346,0.36027382545195485,0.2085787121482737,-0.7392316777011714,-0.5675596327305963,-1.2415460388900932,0.26805048087027017,-0.3113706050391705,0.05156221437844327,-0.16134177183326878,0.0441863631177804,-0.20342846220916763,0.7950167390184568,-0.6392320626318732,-0.48136295918149097,1.164279870590871,-0.7674809106165026,-0.4838772045133267,0.08641778905922287,0.2837597454927885,0.4170875521945509,0.08603061657660244,0.09646838888501373,-0.04835654426183236,-0.12413538179036726,0.31812126147139175,-0.10806494318615417,0.09471752138918038,0.9147786377028868,-0.38726422730412313,-0.08312132762639993,0.15203080723684614,-0.9143774734331462,0.3037352035679248,0.18861015404108472,-0.3144080460892864,-0.3684229344978081,-0.29175835014012763,-0.27633572987439287,-0.7993882451977458,-0.059839928504213685,-0.5155068120691889,0.2322839366655139,-0.11834711479848475,-1.1349987021642447,0.29118953849311363,0.5725501216355914,-0.20360798606079505,-0.679055888249956,0.13443249348316602,-0.34351979942428135,0.23030533132954514,0.1720055712119323,-1.1849629097618806,-0.6191821109685327,0.3533624414293154,0.4118130199893913,-0.09856691451739696,-0.09335612134470936,-0.0416376207426547
9.0,4.0,0.10504679487646827,-0.21626871477461618,0.875857936163408,0.5962482653398309,0.7589447547597357,0.3479095862295747,-0.2627920446009385,0.6632370936813572,0.31631562258828705,-0.339857981771834,-0.35347231485965763,-0.313071397912717,-0.015282373176190633,0.2432120872287572,-1.3446012493202981,-0.8985010388732921,-0.7764415832663707,0.23333326025746182,0.0698747292528691,0.056055412358070586,-0.1447791769198807,0.17658151458298296,0.1180467885669329,0.2947783130263753,-0.11124750283440336,0.49206861668706114,-0.4749537986597723,-0.370698541277588,0.8874140191357953,-0.9075730390507653,-0.6300876749988134,1.1878909595697031,-0.5912821552469092,-0.22427379835910002,0.8146714759563453,-0.456951529950663,-0.017797507003834423,0.09977040991491337,0.13013763761344727,0.20321498593999598,-0.12994073871888126,-0.4836601776102397,-0.009239854357072919,0.002162116781070922,-0.7492541731918374,-0.39062490449696946,-1.2978516429069558,0.04342288109955715,0.1904012296664945,0.004423351394374414,-0.0678672723158891,0.30016222628719136,-0.011434434883951239,0.44016148104654307,-0.4596552227331171,-0.864145488679327,1.2386234022961742,-0.8831873991722468,-0.38035109407550477,0.2651666969636587,0.2254319078607295,0.18891406850438525,0.17133975903566318,0.027912620442570465,-0.6314941105530614,-0.2169912538847277,0.590021205958314,-0.009733042971320632,0.40125203669789733,0.6631528264922942,-0.41845198706562486,-0.33415818295650784,0.43431254869187674,-0.686701965643384,0.33936868959537925,0.3436865399883643,-0.5433778219951295,-0.4470494611179615,-0.29446785242053203,-0.20239920456837293,-0.7097752809186431,0.028727736934520035,-0.5147394120245914,-0.162917627779045,-0.25765303095201675,-1.172961452379339,0.25115811411778977,0.6096000393301952,-0.2558526792146555,-1.0511253314861915,-0.01692909829773218,-0.18054457493565249,-0.32043837158167876,0.17392128661761355,-1.084828256593195,-0.545507402945648,0.23513464130501846,0.4082237883094641,0.11350468102774998,-0.337729218245041,-0.3503874803946225
10.0,0.0,0.2782629937603153,-0.624897469997972,0.6395578988427072,0.08547909709308327,-0.31750975999843256,0.42078552786184714,0.618783193123604,-0.3549404132840865,0.35071283352988547,-1.1164224435395111,0.6658443934983954,0.5504285473013081,0.5378266800167734,-1.0887100400112986,-0.08220559394311827,0.042761731360284036,0.28860393691923153,0.41608531817811123,0.6274567656324912,-0.7816340277574254,0.26607318681816705,-0.7440491241145748,0.0890846729449735,0.14361653704696076,0.6179397629137361,-0.09347657618225183,-0.18478113826387338,-0.9135723137655782,-0.1272075097157382,0.5165570878208248,-0.43991124438835394,-0.6074608554603356,0.7186833622946839,0.6060011354559396,0.78225210662782,0.0359564423108479,0.02817773361351253,-0.011623389323547867,0.5467960097100517,1.3576908701011257,0.46485500917139055,-0.23553112762977751,0.3778456284776823,-1.3584184230226855,0.14763907114145358,-0.2961307853807012,0.2988887295650282,-0.10265029224100776,0.34104279951478056,-0.09017579652323934,0.5755108075627119,-0.8415707336269986,-0.45926289631613515,-0.3681869100643642,-0.5214531471100388,0.1824510555277211,0.18933827167874148,0.05985414193509382,-0.08928509001712792,0.6164877125631968,-0.5608655550378748,0.19236292555754708,0.1305202162699627,0.05073963583930917,0.5531217078026764,-1.3834488741079238,1.0943184221393751,-0.6078139452599377,-0.05211996839876097,0.5985733189649065,-0.4478668002087948,0.24474034192792585,0.5343265068310115,0.30309479297649944,-0.6024258811717816,0.6130235209514316,0.04080522820062356,-0.7719948176367291,0.4914561358746802,-0.0627216520748054,-0.19410822659052443,-1.5010207189276836,0.36466787134595713,-0.03251319648028532,0.0038874675411911808,-0.2687995867322571,0.5905642742545385,0.34919713003951514,0.21019021633762322,0.4309495381792781,0.2952876714200103,0.00823105231407803,-0.49003653508576095,-0.3013808318348479,0.47604270986117736,-0.08381520761311825,-0.31731947374094893,0.27048048313396283,-0.39913145129824423,-0.16627941904652127,0.2164481551197595
11.0,1.0,0.05841458543379269,0.42905063407311167,0.24398546193669385,0.14571377919158476,0.19592665776063112,-0.29802799455069484,-0.44571579286850366,0.8531070219049774,-0.4942174790050866,0.3619130352197507,-0.7737251884349841,-0.098565437902539,0.20267113731690112,-0.37090033713533477,0.08016970111266326,0.06988869328153441,-0.9700204184032084,-0.15626860282933527,-0.2378815866557349,-0.3209795950286142,-0.4642933376294786,-0.08919975948254188,0.28571827427729246,-0.7241925766567235,0.3376399560771605,-0.4194615668570857,-0.3183149783307513,0.4600615120479543,0.40829310949980574,0.312934592328836,-0.1407031150587169,0.2576998396661152,1.157180652315014,0.6063031360335074,-0.1361602409635127,-0.8311685150708413,1.1190260526302735,-0.8931720315215425,1.0407156801394573,0.2616107035718913,-0.25307693900921513,0.26256703371822576,-0.5152226238970088,0.3891473199457436,0.03455725511999447,0.1908688258234759,0.7080545257575442,-0.07201579332986298,1.2570422494555367,0.24930597547692404,0.5547007806858503,-0.7612915204134968,-0.02390867851950129,0.8127335170989596,-0.21296143272163448,-1.4752903466446339,-0.033317161239301035,-0.4567844615414677,0.2794899659803975,0.5677502387621411,-0.10832008670125365,-0.03732272643997718,-0.34090027395676387,-0.3118463779239799,-0.15416387681600496,0.13487180181459646,0.14177251033515037,0.31060748045044595,0.5530592229495296,-0.0825753381876409,-0.46535613790649577,-0.2679396026428763,-0.437386919310213,0.3321903134853622,0.1067842939500226,0.8427438080188845,0.3831415857988352,-0.5731957806108077,0.7588741715783164,-1.0158969162271017,-0.7328883611372314,0.05895893191667648,0.19686151564221147,0.35755587290990826,-0.9479113437236976,-0.7277637268477789,-0.357122402854828,-0.3032093527502771,-0.5941048564608531,-0.13441857497256704,-0.14306813963960652,-0.5739261733840779,-0.4183371443317372,0.4400704007611439,-0.4280106457102877,-0.18308548003245065,0.11870434315476075,0.024980795796994623,-0.6308506963567901,0.055677094495109186,-0.4523783503445824
12.0,4.0,-0.011091852831556392,0.06824194510678572,0.4222092737826277,0.569933428558683,0.32101094585245304,-0.1540953733241718,-0.4690333320132715,0.49579530941812544,0.19649637364254424,-0.2283647803116166,-0.4358553298864723,-0.11201041554575199,0.13104709805991266,0.16759090168487456,-0.851492252023895,-0.6429985213974974,0.021918121919626832,0.23644513139413453,0.19126024097079997,0.17618704439137062,-0.3642300704374128,-0.38831435236321893,0.2716304103447958,-0.18090173672259566,-0.3607001588716676,0.2965391711431407,-0.8477511366754338,0.13790860653941522,0.7841343630234111,-0.27842574937475495,-0.9672763920084149,0.7019573778232208,-0.1308879172048025,-0.2384072275005554,1.2434540162698569,-0.2615055191758054,-0.4726351773377722,0.16402013696593346,-0.2831742488960666,0.03584442945086941,-0.4076508715098237,-0.4122928974806089,0.2503159905948906,0.5831417062570297,-0.43008394864537886,0.1481823630186161,-0.8344176293772647,0.1748195310170816,-0.11122159753655794,-0.2544958417059421,-0.2630844283954691,-0.03660057342483805,-0.4096879762723166,0.6950261765100023,-0.5739551448746589,-0.7180159258084258,0.865795249226102,-0.5916963594456054,-0.4410416576768521,0.21506867506021243,0.16114291481128035,-0.02522280348501149,0.09375560534588066,-0.1511554728449197,-0.0022328699563787524,-0.14314959207053218,0.771494892680011,-0.3204693367126797,0.3358820779359387,1.113950302492086,-0.09064488983919652,0.3231996899213871,0.2837105488911312,-0.7275851674459087,0.16563299636576673,0.28745777394000327,-0.42403389641061395,-0.534261122948543,0.04613948775394125,-0.1719479217398984,-0.8383240530186336,-0.178453214757353,-0.24869005977023131,0.06740946136190527,-0.1812180912742049,-1.1663515164418035,0.7935453071978373,0.7083586108069749,-0.23354382107098806,-0.9276356779309197,0.4837043548599782,-0.38189216367165113,-0.012053448680428652,0.03999158713914073,-0.9392659466189609,-0.6044346577297481,0.46818468510526845,0.3498252872081729,-0.3223303773443225,-0.10968698447029851,-0.46670517461999894
13.0,0.0,0.4345620931955236,-0.7510756720415939,0.7559296039976342,-0.2875733736428837,-0.3083738659210664,0.37278624824946305,0.4014843220015552,0.005020689588593641,-0.20293043790104887,-1.041019275581665,0.7417179502503742,0.547311432637416,0.5214912025213122,-1.24342309672415,-0.18571815248527748,-0.1027723803767948,0.2069168762140558,0.18567991665147643,0.5668189359857914,-0.5463613108246967,-0.286939846764375,-0.483259571368322,0.3426444540122403,0.36929468872491544,0.6419220938489092,0.07028568933584883,0.3551999384706495,-0.456715335292315,-0.3067715155430742,0.47152201733288057,-0.12268563056579798,-0.07388182718803579,0.5481050039624081,0.7646521100649302,0.6546006258694274,-0.2212048617800913,0.11300865965334585,-0.41718903331462753,0.6642796294322926,1.3277692313085572,0.09624663509412143,-0.22237960408363916,-0.2229919599827128,-1.0891616617870503,0.3250250023994439,-0.4251492482662704,0.025028356677119085,0.36018169340815753,0.32169370293879984,0.12504234729618977,0.3755890470972384,-0.7606808613369848,-0.7169726835056061,0.08964631819906255,0.03352769066237682,0.17467351346025475,0.22667950085187724,-0.028954074524169707,0.5525557896432156,0.7240385600448479,-0.47192078305513285,0.05027690825921223,0.39340590894667865,0.21431902331091313,0.7272382190715702,-1.109248341927511,0.9901115046216301,-0.6221438854157983,0.3121698187618374,0.4582427736700269,-0.5794589343189644,0.025899682736973878,0.6684165374710469,0.583923830334921,-0.7149901882046683,0.8337613954267094,-0.2503763389338088,-0.302043054339716,-0.21971590210669212,0.011904868470879564,0.32645003595042665,-1.9365312404740844,0.6026659019295368,0.276322173065685,0.480016870104644,-0.3172508378985538,0.686010592624044,0.4664348648241389,0.20424355413044645,0.7714094906572293,0.004786640283482968,-0.2271377685345421,-0.6269462291772588,0.04578412215531885,0.5896107238968051,-0.09266623613232426,-0.31302018203984017,0.3263999447740692,-0.16562069924931205,-0.07120088414666884,0.016211113348155587
14.0,2.0,-0.4241483568066981,-0.5585168890997205,0.8417540298030879,-0.554307739627879,-0.19321848939332684,0.36958287414466534,1.091129931386665,0.626827519207804,0.16718813966422127,-0.15358244872775068,0.5603841389248493,0.6245074304883269,0.5529182833838805,0.40882442186183504,0.16959499053704546,-0.7163277732981115,0.1578553235886446,0.32075246582980377,0.02834783798755605,0.7764977093871612,0.5218526555010154,0.3014072252760317,0.24742922076554258,-0.8150504370717897,0.040276325279470726,-0.015867143035749143,0.7722353999682372,0.0548980124092744,-0.10779742436185961,0.02762252186789485,-0.11045244926880213,-0.4995263998821685,-0.66936472139987,0.03947994278615198,0.3660666655586824,1.410153642682625,0.1926439835510972,0.15631531335785906,-0.28723983030051115,0.3727623479241824,0.8475963974123606,-0.2260408946601956,-0.7347820124343617,0.3056366093692768,0.8573826104615835,-0.04555649183576996,-0.5340059866184353,0.37861841650040806,0.6355170046675258,-0.6920160642293861,-0.6889320171568533,0.12607679365382232,0.3656656669622425,-0.8852905028339189,-0.10774453343654605,0.46913900467815917,-0.43915955659280576,-0.4299616556374286,0.7109469497908495,0.16313234168583898,0.2796678202766309,0.1730822726344587,0.15315611181416713,0.5711279172966892,0.44819868486305453,1.467623586844207,-0.1634736860626031,0.09830331335156064,-0.008903942219638203,-0.2841104654995086,-0.3328842465491263,-0.3862278186387441,-0.06355526240075157,0.5566409334221852,0.07985097747362899,0.04898877680381469,0.1044140739719295,-0.2603124382883831,-0.25733933262757486,0.0313092652826972,-1.6079705143438232,0.8543212094727448,0.25147937998258785,-0.09848885532250923,-0.8024468615665357,0.5626672343850162,-0.3821763584528707,0.21466471898453393,0.36325837253666876,0.6703932072452223,-0.33183533208755883,0.5985110294519004,0.03339490221048851,0.8353331842529611,-0.12024507815391206,-0.2957562272281434,-0.7649458859712841,-0.25747037966085906,0.19214867840556693,0.2681420088105961,-0.1574796129852074
