index,task,x,f,y
0,0,0.2475930509655646,0.8421648071177386,0.83155711468883
1,0,0.460821367560402,0.6798462628697336,0.7028953015256618
2,0,0.8481789042550354,0.32583178254605855,0.34489763011801833
3,0,0.6776674384180419,0.5169662061054076,0.5018685097091927
4,0,0.365033861524294,0.7540046356217832,0.7942251721997188
5,0,0.1333222242755661,0.9137900741647725,0.8834349500284109
6,0,0.4002595772309653,0.7259979095882634,0.7333090189174764
7,0,0.9329597633632757,0.16877451210651984,0.18082376430176664
8,0,0.6727678841899121,0.5213942620325089,0.5269068780820932
9,0,0.4168108307051736,0.7122458974790973,0.6605330530812537
10,0,0.5674387785894259,0.6117040473088061,0.5717230254509492
11,0,0.03628251871339032,0.9764630991721507,0.917158069955215
12,0,0.9978096249621616,0.005830237911331393,0.0
13,0,0.6181776235044161,0.5710366383033028,0.5735799133999343
14,0,0.7799185597917272,0.40962268383730327,0.3877641079201664
15,0,0.9330016374857031,0.16867538128530618,0.12097608085086464
16,0,0.33858094142412487,0.7739981021857871,0.7464663205088563
17,0,0.8120053749094946,0.37234927613585084,0.38571019948239127
18,0,0.8739054776460929,0.2898599597224797,0.3298406049337892
19,0,0.665536135975538,0.5278759858852048,0.5372956391471974
20,0,0.5877190894336842,0.5960884339223415,0.6003934448560311
21,0,0.8947124754593125,0.25599681356689086,0.26908556070289524
22,0,0.44639901457400444,0.6880084561148557,0.7283981166385399
23,0,0.24057090649231352,0.8470597305002708,0.8302526606756025
24,0,0.814902046362636,0.36879957450614026,0.3583412870247289
25,0,0.6969456932231476,0.4989175335196025,0.4867455268756787
26,0,0.4071088339278258,0.7203549701561951,0.6947606495029893
27,0,0.0,1.0,0.9616586764802928
28,0,0.9558581129867587,0.11338699462841896,0.1096693535432759
29,0,0.6043163907252318,0.5826846710624155,0.5789631053775782
30,0,0.0008378177148265397,0.9994605406957912,1.0
31,0,0.4967063080631997,0.658613248244464,0.6706696922090803
32,0,0.5976463914160498,0.5881409725567164,0.5673643744250161
33,0,0.2967792675067487,0.8062932282676774,0.7922527267251754
34,0,0.45967749693820514,0.6805010356465601,0.6587639813801103
35,0,0.4937895366250081,0.6603912949027292,0.6207924609465374
36,0,0.5845667538223004,0.5985695781766579,0.6094214297049194
37,0,0.8708091786655849,0.29431610225131394,0.3656751887916561
38,0,0.8330999484558813,0.3458006022989994,0.3648203930592641
39,0,0.779008285660609,0.410625237075748,0.4225484311099803
40,0,0.5470439942383896,0.6263218795279674,0.6474447086112067
41,0,0.6125811041622101,0.5757905546004547,0.5778158735164515
42,0,0.7343619055462486,0.4609848354251957,0.4819606496767574
43,0,0.5651229445397417,0.6134361069744831,0.6115508753564031
44,0,0.7756286465139199,0.41456954301145044,0.4183946165135135
45,0,0.9886486591477134,0.029984685822947173,0.027398064751413216
46,0,0.7897357591711595,0.3986177352420609,0.4118708415400803
47,0,0.6134721758308989,0.5750383049654185,0.5502458817016014
48,0,0.15378557640144058,0.9015705523482161,0.8938255938418901
49,0,0.4744229203603762,0.6719589739070333,0.6773441106944299
50,0,0.28014948411309254,0.8187467893825829,0.8042194196087619
51,0,0.14927765418908953,0.90427024324174,0.8991773193189477
52,0,0.7776549551790632,0.4121636999503797,0.45553497991067066
53,0,0.05367248593882485,0.9650412295843894,0.9614480551790415
54,0,0.07399254309985398,0.9515634944585609,0.9358791977644405
55,0,0.6637724263535236,0.5295818926548339,0.5249671689377291
56,0,0.5217558917419434,0.6429350654213,0.5662806652962354
57,0,0.4442045316412778,0.6892329802462533,0.6499589500333128
58,0,0.3035155341583645,0.8011478707592581,0.816964583495599
59,0,0.011662261147223464,0.9924745083885866,0.9673292412775514
60,0,0.29010588632981654,0.8113326416906419,0.8579991273499901
61,0,0.26416789542690744,0.8303956205407744,0.7974441637692271
62,0,0.03125770026271282,0.9797454712751971,0.976179297306524
63,0,0.8046878873792318,0.3811802653497601,0.38428584352887557
64,0,0.33069961347881655,0.779795994974459,0.8164610784707846
65,0,0.8932352177166392,0.25923192494970454,0.3002263491730403
66,0,0.8110518687221585,0.3735110559539904,0.38126189272712174
67,0,0.9660253580577653,0.08803957876441208,0.14032016115790436
68,0,0.9595873028343292,0.1041436618346129,0.06739510348138468
69,0,0.5901170086974725,0.594187464916555,0.5892005952900714
70,0,0.30822565366112975,0.7975145716628277,0.7967084118209621
71,0,0.9199807646184454,0.19911808067673117,0.22792494967675364
72,0,0.04529354895564916,0.9705569228365388,0.9162759395033214
73,0,0.22178142309844476,0.8599046177118186,0.78736377900307
74,0,0.35983656705947464,0.7579999700631601,0.7415018118448374
75,0,0.4097811266763053,0.718135104721165,0.7185174753423839
76,0,0.9463901730657241,0.13657446974893106,0.17753836202688641
77,0,0.5782401275724498,0.6034885929490074,0.5692903366514142
78,0,0.18248816556424238,0.8842526687212119,0.9143930922668712
79,0,0.5954785677520449,0.5898940018425642,0.5294856386083152
80,0,0.9354385703522188,0.16289266085908713,0.18528205632182887
81,0,0.1294467080996698,0.9160950417970988,0.8726056196231937
82,0,0.9843526109385528,0.04118396656781682,0.05559810091871385
83,0,0.14934154742146047,0.90423201235154,0.9057815723480993
84,0,0.8215094703583077,0.3605882394537872,0.3518724498812552
85,0,0.6771764360185303,0.5174128450878908,0.5215571212724599
86,0,0.4015495906137262,0.7249401939304757,0.7369186343357442
87,0,0.21325838368787522,0.8653782621069868,0.8129516390326974
88,0,0.7739902910739289,0.4165059932060101,0.46488461145706345
89,0,0.8486922205814504,0.3251374851941397,0.3516769500133121
90,0,0.528161182983444,0.638804201021715,0.6127878312591576
91,0,0.4071039739640941,0.720358997930034,0.7029742946985548
92,0,0.012693239286962086,0.9918074976366928,0.9659438921136027
93,0,0.1440839303233078,0.9073748769795583,0.9880961390511833
94,0,0.8049858558222655,0.3808244790857498,0.39500522999072213
95,0,0.4173635094610592,0.7117798038822835,0.7131764491617
96,0,0.33616081309497586,0.775785960361072,0.6775990266657157
97,0,0.2937537422926325,0.8085850248932629,0.7929522205727013
98,0,0.7179483753746843,0.47810260006222716,0.4827012095284852
99,0,1.0,0.0,0.05037763489359378
0,1,0.2382823274664925,0.04777283040738669,0.09789452516118126
1,1,0.04499089243505144,0.005049371757101512,0.07964829320316162
2,1,0.4331553945287256,0.15228776069252206,0.17412254156910537
3,1,0.7318719577024699,0.5574992122608282,0.5708108547779602
4,1,0.7448266185696567,0.5737882467936063,0.5182016953091262
5,1,0.18360412371657936,0.0321764654478946,0.047652269633804305
6,1,0.7682442818380883,0.6034931688218427,0.55439632572193
7,1,1.0,1.0,1.0
8,1,0.5284963819820688,0.26613724898444135,0.2611310212689703
9,1,0.43667537622178526,0.15477403072202747,0.2121203835085109
10,1,0.0013524603671390362,0.00015920886234695996,0.03522557836066587
11,1,0.5193323171661295,0.25425969302791346,0.27154616319580827
12,1,0.7110375458162141,0.5315013455979325,0.5519730206881786
13,1,0.1245008314004469,0.01739245678759193,0.05120249597429103
14,1,0.6959145441824132,0.5127737810907801,0.5031601929349646
15,1,0.018759352397576173,0.002167984643690628,0.07736856468965056
16,1,0.43852710979840226,0.1560843457093231,0.18848279830160047
17,1,0.8904185324343014,0.7749393330637168,0.7287640353282359
18,1,0.42842179852020795,0.1489536286047638,0.1645269304801069
19,1,0.07131537073200599,0.007756539154844305,0.023478913356683184
20,1,0.03735222349619436,0.004228828096465547,0.0705296358010777
21,1,0.08717035143181093,0.009293989671021942,0.015652954122762734
22,1,0.4957908567694515,0.22355039642278993,0.2113262157091687
23,1,0.6983042885016328,0.5157254926612713,0.4770397694471884
24,1,0.0739312465601657,0.008015103645479046,0.055165989806154885
25,1,0.8668200934545713,0.739650800916954,0.7832412392786726
26,1,0.8071930314077469,0.6537112746787431,0.6450466036934955
27,1,0.04213142486047725,0.004744017951496837,0.009299676352776474
28,1,0.32156067393284893,0.0792617701626383,0.15579395609894198
29,1,0.3800893559086867,0.11552625628265645,0.10776011166183902
30,1,0.5139192813192757,0.24722396721097553,0.3057857102557018
31,1,0.4579812900535003,0.1735974965498039,0.21437043291011387
32,1,0.47658817666403613,0.19828106300139,0.19571909885223526
33,1,0.08871220169592488,0.009439669991956855,0.0647512589688811
34,1,0.37646471214949884,0.11306476707724507,0.16611556702898012
35,1,0.0,0.0,0.06255646256563717
36,1,0.4562404763390861,0.171277864020425,0.13518222759910845
37,1,0.9319594120361878,0.8420193635549621,0.824268721288463
38,1,0.8065702148738726,0.6528996979228073,0.6420226159188409
39,1,0.2432078744031194,0.049470803060296144,0.09219980281297271
40,1,0.7591491212363392,0.5919149846255298,0.6124594149245365
41,1,0.3137743461009817,0.07604645285940526,0.08118920282673854
42,1,0.5073579729662886,0.23867557137497827,0.28218325026287394
43,1,0.030646938311146493,0.0034959080626064372,0.010157139713700716
44,1,0.5997573879568328,0.36589475578428327,0.3966371181447769
45,1,0.27896639752579644,0.06238679367623064,0.11013303915008954
46,1,0.29045563941575464,0.06677063018834763,0.0769675537342751
47,1,0.11153641919610338,0.014122300572572702,0.01628941946328077
48,1,0.9320301230439136,0.8421796544167065,0.8645648643850726
49,1,0.4593799902343142,0.17545996910631156,0.24734555412145867
50,1,0.6728638291657641,0.479222046233543,0.5012621255714932
51,1,0.842319367979944,0.7037587915793341,0.7073757589405256
52,1,0.27936090175369116,0.06253535574347022,0.11584119248244912
53,1,0.26911330011493034,0.058720578339801675,0.06608290807447084
54,1,0.3892849494642171,0.12179942754823517,0.1871510318536371
55,1,0.42765132494902997,0.1484119571603645,0.1241144198930407
56,1,0.9737266793874344,0.9380847567257508,0.9024656764146145
57,1,0.9047047138849608,0.7966573590845755,0.7446487664382901
58,1,0.4528570706846855,0.16676434466526552,0.1870186252915742
59,1,0.00793314845212207,0.0009274748058446245,0.023527028045201116
60,1,0.09136882729061527,0.009689066238410165,0.02061681740285154
61,1,0.18662544912412168,0.03292659021353872,0.05247162014927837
62,1,0.23152288279956537,0.045472773060153925,0.12461695271996859
63,1,0.858582435800552,0.7274999280132954,0.7397998400597358
64,1,0.9355646860623805,0.850201840849645,0.8482763046805483
65,1,0.006540345253109215,0.0007657609841461132,0.0361641313568269
66,1,0.5898974011655648,0.3504521224529124,0.3657529505972214
67,1,0.8384025531055689,0.6980892348731065,0.6748302185129452
68,1,0.42647941034943637,0.14758860309962438,0.1919855907905341
69,1,0.5385212850133013,0.2790831387414811,0.330750300713591
70,1,0.28276183617319545,0.06382182224987328,0.0653798771720415
71,1,0.6811795129300268,0.49200847168686773,0.4789945933122878
72,1,0.07329545887539513,0.007952436421587394,0.07206422347089929
73,1,0.8561811111655214,0.7239738788108665,0.7095615502536463
74,1,0.8402969464539296,0.7008290384718884,0.6667282995697031
75,1,0.18166001335718945,0.031693492968735415,0.03301399541720915
76,1,0.6594210801845124,0.4585145314917868,0.5221585738726529
77,1,0.867089955121118,0.7400503046121689,0.7236727317599025
78,1,0.479224752655414,0.201762703643042,0.1776049901745923
79,1,0.5974396745055097,0.3622687124499918,0.3595379796657549
80,1,0.09319194457897474,0.00985903017109018,0.04440718912624685
81,1,0.47130182418269806,0.19128851650566286,0.2462232387810308
82,1,0.9247259554470199,0.8275586939599684,0.8160705624246324
83,1,0.4740434297323054,0.19491696696435107,0.19285276590371
84,1,0.4753616676115788,0.1966601038979366,0.20306687960172237
85,1,0.18635326834042318,0.032859036974973686,0.14555254797878758
86,1,0.018136251816208124,0.0020973858422650123,0.0
87,1,0.6354186399924738,0.4214075540386983,0.4286057465444069
88,1,0.5806242033150647,0.3358872333092003,0.33396896027560413
89,1,0.09247323678949296,0.009792142552140497,0.025035419617093744
90,1,0.7699396388111966,0.6056573204349671,0.5535321415236768
91,1,0.17295946054178538,0.029529209295095428,0.06908145189333599
92,1,0.34960818100276947,0.09502460970175228,0.06559212740537151
93,1,0.4906203505756632,0.21676629390017477,0.2511644783280143
94,1,0.6654356971689764,0.4677856240055551,0.454360257667809
95,1,0.6415843412409978,0.4309572813597678,0.4257658241666763
96,1,0.7908601821430026,0.6325225729339229,0.5831180036196434
97,1,0.2833056708354384,0.06402849733605241,0.06114665615702418
98,1,0.5033521705756884,0.23344559157151348,0.24463590654490072
99,1,0.7060618772217486,0.5253269192956365,0.5379048026921058
0,2,0.31030120245851983,0.2822532388315822,0.302130564771938
1,2,0.8571262640483477,0.9122030901412975,0.9136211629403441
2,2,0.9204214235025435,0.8544971854156151,0.8235040499833535
3,2,0.9088066705775356,0.862758381519489,0.8219596310485405
4,2,0.875643303463104,0.8941001860193726,0.8933523993877249
5,2,0.8457341534849296,0.9223590911993346,0.8554699647769072
6,2,0.2528388631304945,0.1977247361983358,0.2483574195234846
7,2,0.851058908822623,0.9177042198288706,0.8588476638403602
8,2,0.6222927083498683,0.9091965967524142,0.814100256253741
9,2,0.994348698320898,0.7837661180035547,0.7477705873887076
10,2,0.6150982731411668,0.8941672486203979,0.916075498967075
11,2,0.6568748630837569,0.9778361352179047,0.9753511307325081
12,2,0.6596832280559121,0.9831410648068416,1.0
13,2,0.5560108330603586,0.7622026273311855,0.7967794316026239
14,2,0.1839057808893419,0.09999849645087833,0.19434031985893255
15,2,0.9911000188303074,0.7875409132390472,0.7316911571163184
16,2,0.0927632357885099,0.00010810898484218498,0.08636151028557809
17,2,0.7548901860208261,0.9809660600299517,0.976430741979927
18,2,0.5278856280023138,0.6990565620759227,0.685416540397791
19,2,0.29051339437487644,0.2542605121494579,0.25938252903038844
20,2,0.22700437091852899,0.15660294397766591,0.26933924554206945
21,2,0.5066926839060125,0.649347012856711,0.6789358902833706
22,2,0.9413443336456341,0.8376761359156013,0.7444373604666825
23,2,0.5781408660564817,0.8130922303978931,0.7771268149240821
24,2,1.0,0.7770519788149438,0.6919201305915684
25,2,0.43161526325009336,0.4770079262191129,0.51322815409085
26,2,0.4179964020945279,0.45609353634486094,0.44961025604611665
27,2,0.6326959071488352,0.9304793964282836,0.8537961854184616
28,2,0.9163860720089199,0.8574542179041534,0.8466231298109974
29,2,0.0658509889163698,8.099010037572544e-06,0.04713547408670057
30,2,0.5540577567438494,0.7579259719713349,0.67376880833682
31,2,0.15231389626600048,0.05902192039874236,0.10009545786970978
32,2,0.7247418545714062,0.9934539426656234,0.8881298247091114
33,2,0.13282651378454433,0.033308641907673804,0.04368629606392088
34,2,0.0,0.002583614850122151,0.08663604266534389
35,2,0.5409771729345467,0.7288620038962697,0.8206017203118195
36,2,0.012227322483341714,0.0017358857489070902,0.09748517322147127
37,2,0.5389454592561483,0.7242828411353485,0.7201843709233585
38,2,0.04176378315149607,0.00042084811227941963,0.11554277034405655
39,2,0.15167801471519485,0.05818774497472183,0.13941005052600403
40,2,0.8510612624577594,0.9177021266334298,0.8973688710131744
41,2,0.8053029211511457,0.9525412617352657,0.906345634241117
42,2,0.30354081324216053,0.27282480570623496,0.22509068557189757
43,2,0.3998656727840342,0.42730743545980704,0.4592081067220822
44,2,0.4514296318479418,0.5119061895606093,0.47208489802485926
45,2,0.016228928707710276,0.0014991251066890183,0.04964429016061633
46,2,0.6222176209091855,0.9090410418043476,0.8769059296705769
47,2,0.8120279209397495,0.9481432145599069,0.9174789727482456
48,2,0.2330754936741768,0.16643358300816427,0.09208035428426363
49,2,0.40152524008936874,0.42998612351591736,0.5755142979770164
50,2,0.4961110563218616,0.6238783339669952,0.5649120195600963
51,2,0.5048067262366266,0.6448387149672907,0.5688460537717018
52,2,0.33388384151091294,0.31410061858149646,0.35438122404115907
53,2,0.10238936480602547,0.0002607177422094883,0.14127425935501844
54,2,0.6458207129234764,0.9565566946406614,0.9277971262898841
55,2,0.14913005833799697,0.0548418049999762,0.12256147881719952
56,2,0.19349426570932754,0.11223703903069888,0.14150304085405488
57,2,0.053638943971006214,0.00015089045769907657,0.03568739648363043
58,2,0.9238731126301094,0.8518943373382828,0.8250665842191054
59,2,0.8385355020129494,0.9283970249122111,0.8507047064991092
60,2,0.1567784221660635,0.06486886824560978,0.14686035470934092
61,2,0.8761285327121443,0.893598925269972,0.8818476001112295
62,2,0.5103051990441093,0.6579445577654838,0.6145512728312804
63,2,0.12561422733130645,0.023719311565394096,0.0
64,2,0.11020248470970832,0.0031115409265603244,0.05399827487076974
65,2,0.2215303735926629,0.14765271415502068,0.2661513224399757
66,2,0.898591323116157,0.8693928236474515,0.7986761156071364
67,2,0.4530820732429639,0.5161680150719563,0.5092150173909831
68,2,0.7030699409180163,1.0,0.9328004954960862
69,2,0.39153919187157593,0.4137371398231832,0.4164383085580336
70,2,0.6273634337789251,0.9196371961672439,0.8749395697792178
71,2,0.722597423871586,0.9941902200465803,0.8749305448427989
72,2,0.5037694935891855,0.6423534893205157,0.5719175808703892
73,2,0.7668860911733308,0.9748530536906211,0.7528201010886523
74,2,0.8404982157605642,0.9267797321720479,0.9845965295171409
75,2,0.5637415684707134,0.7798172825965626,0.696455977693193
76,2,0.5474087573346713,0.7432434318651354,0.6926458072135344
77,2,0.5921910528774263,0.844663008452731,0.8201832576135707
78,2,0.020917406281373556,0.0012461647060653274,0.014557142833558287
79,2,0.9993475854070097,0.7778366757556912,0.8076564420700523
80,2,0.06722277930924726,0.0,0.06433574915790476
81,2,0.8252844400536155,0.938752900089346,0.9173301668435645
82,2,0.13447984496844095,0.03550161031568086,0.18557888927118615
83,2,0.15070387484432482,0.05690916340053494,0.06377025936211145
84,2,0.36002425635912155,0.3604641505603167,0.5011644508070461
85,2,0.2526557520647406,0.19743987658335277,0.21019379807462388
86,2,0.21743638391106748,0.14233861765391967,0.20364255719091262
87,2,0.5672331027948156,0.7879698019161729,0.7594425302317646
88,2,0.4826601940352154,0.5909059814851888,0.5783705214404425
89,2,0.08983005334932549,7.272745088466813e-05,0.04078021238196882
90,2,0.5170128392182473,0.6737743239309518,0.6794267443414932
91,2,0.1957690685107094,0.11512577521085689,0.2120876574595397
92,2,0.48287126244119866,0.5914284270903635,0.6622835368222268
93,2,0.2765674988015295,0.23381969676367464,0.34126224145483863
94,2,0.006026480739703471,0.0021419076812874385,0.04914623633814074
95,2,0.8965046633271475,0.8712906224426593,0.8223024035573535
96,2,0.37490123313840495,0.38598160600081677,0.36661001683087585
97,2,0.417855565444279,0.4558740390703031,0.4668897012298716
98,2,0.8861527340563654,0.8829327937916777,0.8812810906580965
99,2,0.7675861543440822,0.9744756047625115,0.810738601138896
0,3,0.15481694866247186,0.6696209766075482,0.6436677993867851
1,3,0.7260676668919565,0.09213381088598449,0.5847796310240251
2,3,0.8360730407499808,2.6249097149432734e-05,0.23722970756144857
3,3,0.31443012476968535,0.3119430038699498,0.1569575536097065
4,3,0.9803144078379815,0.06803176936439255,0.329026983735714
5,3,0.46982546289649735,0.33452696666850734,0.4776661756934677
6,3,0.5642080225738546,0.17816095605141216,0.5281439074301554
7,3,0.14048601695100527,0.7024593926865168,0.42896334230266836
8,3,0.09306908143310164,0.8131676688728077,0.6219673793376721
9,3,0.07970739078836171,0.8366159630134162,0.8001428602590636
10,3,0.7529761829713871,0.053776774427414936,0.12492562518306553
11,3,0.7421426868650065,0.06826737038205627,0.3384934606801423
12,3,0.31102332026166557,0.3188736992472941,0.21081329277390912
13,3,0.8462146242233616,0.00044552155798144283,0.03204235654701775
14,3,0.532289227943225,0.2140764564052089,0.39220919638576435
15,3,0.8333410624527827,0.000162962511387243,0.2848736602896084
16,3,0.18023541286590603,0.6165698425135141,0.6369960975266886
17,3,0.27106809672040755,0.4076221890165737,0.4431972919575176
18,3,0.581293071540858,0.17345336864322872,0.3200465461495909
19,3,0.931711633069822,0.024362096982145368,0.1333326456431086
20,3,0.050188747798903956,0.8923694681654589,0.7840485115464491
21,3,0.818923031540299,0.0026224722473541045,0.48983926138216205
22,3,0.1586068510470451,0.6612875827514656,0.6418724175074033
23,3,0.43648502704426895,0.3965508659209527,0.9014387626871133
24,3,0.36255606565923637,0.3036956966376654,0.3884391487717776
25,3,0.05875833544935031,0.8756174113536566,0.9740988342482035
26,3,0.7881247782651195,0.017493662152720236,0.22884012402115028
27,3,0.50990548260719,0.25214410487086003,0.287647811749481
28,3,0.1709464994251043,0.6351802336290653,0.5793877604603702
29,3,0.5184344290625316,0.23698134450966643,0.5778433888456382
30,3,0.5893253337746964,0.1725693541906323,0.37713469896272617
31,3,0.44136663766956247,0.4045159750427925,0.3674674298867328
32,3,0.13677225790060227,0.7113096018581627,0.6574612625737447
33,3,0.9633424400841084,0.04815421076546245,0.40239922747516144
34,3,0.4143258086445165,0.3619591622998074,0.4948522522712677
35,3,0.12365747461404304,0.7436745336373746,0.9599608279885598
36,3,0.6499188266101921,0.19352929308406075,0.44408310008112856
37,3,0.5861901352747698,0.17281303537706175,0.5281784839995943
38,3,0.24963701133868554,0.46122510044852094,0.5297845437370656
39,3,0.28266454438151795,0.3804065629268312,0.49137734198343314
40,3,0.8057722662439543,0.007386009747385554,0.0
41,3,0.04908992482298152,0.894551286457936,0.8473284844329557
42,3,0.2733295055136366,0.4022182379202118,0.3561092066030089
43,3,0.938540249231296,0.028032421314616973,0.2767995440815627
44,3,0.8392365781436771,0.0,0.16302094821894036
45,3,0.9097127488779851,0.018055685515169992,0.4874446834159575
46,3,0.5929700171171778,0.17244941723761972,0.27090124809262633
47,3,0.7736718430751082,0.029644022078969646,0.4098993130471376
48,3,0.33990748803811244,0.2884010255232981,0.31407734785957453
49,3,0.3800788301505705,0.31982562214034366,0.486604912186528
50,3,0.3740925783811235,0.3138974719610901,0.24254599575102845
51,3,0.42260344617334866,0.37421507956715955,0.413019811824003
52,3,0.7063916310461515,0.12521190409002247,0.2796954340090894
53,3,0.23896276792366158,0.48958243893250286,0.7532676383751791
54,3,0.17189893802686543,0.633230670850722,0.7065190500183537
55,3,0.21097609795828068,0.5614563984397971,0.6925332569724847
56,3,0.7240619192172818,0.09531062035575763,0.42521803822851273
57,3,0.6302145742705841,0.18133439694212,0.29011693335545086
58,3,0.7949191438734424,0.013102628355384534,0.1448469423185632
59,3,0.7860131730123384,0.01898478887460143,0.20833906264496757
60,3,0.1387615863065943,0.7065515142372669,0.65823708680054
61,3,0.08068828504762422,0.8348570349606971,0.748776104799119
62,3,0.25167694896296433,0.4559333026197365,0.440973498164863
63,3,0.6389326584162055,0.18608744901599905,0.14498951381562736
64,3,0.5678077241839101,0.17684996464652486,0.36071790262224274
65,3,0.8906907567195862,0.019422996112169504,0.32583721328499965
66,3,0.9197820425752449,0.019895206588011957,0.07003817713015295
67,3,0.1462444684472072,0.6890128845681874,1.0
68,3,0.11250516676195534,0.7725484304498245,0.4014572510506773
69,3,0.0024669844816162315,0.9943232654525197,0.7748630778810083
70,3,0.2749940486579552,0.39827069941842497,0.6184897418304758
71,3,0.11648227653919681,0.7621097461583127,0.9117244359301319
72,3,0.4545971775734099,0.37076479731336864,0.3228306254204096
73,3,0.18262696894057587,0.611924234741248,0.5258738409802172
74,3,0.0,1.0,0.9045957581574778
75,3,0.8977566102994597,0.018174292968396448,0.34611700415060664
76,3,1.0,0.09726778093346775,0.33500314248868907
77,3,0.8065048287231601,0.007058044514865584,0.02852373875203004
78,3,0.022785648875449923,0.9490991288455931,0.7148440613754171
79,3,0.5330739479475475,0.2128424704911768,0.5018308815174448
80,3,0.6085097373316509,0.17391305140348087,0.32586251190478394
81,3,0.85238591118784,0.0014201789245624084,0.16426378407375963
82,3,0.4064346628590648,0.35102110443882567,0.3734743862407136
83,3,0.2563641967112347,0.4439270293811447,0.4759183817252204
84,3,0.7547713949434834,0.05149911405002217,0.26899907090305897
85,3,0.7914250775308677,0.015283063696862198,0.2737450116179258
86,3,0.7876003265549119,0.017858426636045845,0.27009241068568296
87,3,0.9497232093563164,0.03578898926684827,0.04651445010865302
88,3,0.39658583017651305,0.33839784280008317,0.41881318235520687
89,3,0.6572155270695169,0.19936926854341863,0.3001353453084525
90,3,0.5232882414579237,0.22871516338652048,0.16594486858812996
91,3,0.4147027291477115,0.3624998701508745,0.5387598064745431
92,3,0.40398735842490635,0.34777747136527154,0.37250824394231835
93,3,0.36735245598572275,0.3077409485367707,0.430615870106798
94,3,0.844780142540826,0.00029718969384963856,0.25858635708845995
95,3,0.4679212006439631,0.33890721845663263,0.44532569544865147
96,3,0.5831537857451294,0.17317278344206352,0.33612744136350936
97,3,0.159713024701875,0.6588831038175964,0.5960298307131559
98,3,0.5450289568177412,0.1948730316352922,0.27141666240974577
99,3,0.5366044971205091,0.20737394917244362,0.29812213342879895
0,4,0.2693778652541337,0.6545201906874026,0.5849062435354353
1,4,0.08112951586152264,0.35561604949384734,0.3547999980668625
2,4,0.1945350196134845,0.521566739435961,0.5825260053549379
3,4,0.9568440036728949,0.028558124932898887,0.1470744703318013
4,4,0.9793731350091684,0.011907984160274828,0.4053691855440763
5,4,0.0,0.28147358646766085,0.20166919025611865
6,4,0.18292389554415556,0.5050716879663596,0.4526254698606666
7,4,0.9370169461458298,0.04649903665402619,0.21103392029299714
8,4,0.6921678624559298,0.5836094645288747,0.5910173494402857
9,4,0.8222593907747773,0.2445347359541885,0.489822622931881
10,4,1.0,0.0,0.09186847018564233
11,4,0.07786938892091713,0.3527151794952838,0.38012876495906794
12,4,0.5775961991722985,0.9066249522477325,0.9999529636735361
13,4,0.8747083160931576,0.13304670894506834,0.357741685732625
14,4,0.24590638581203866,0.6080228206690824,0.6397962275687585
15,4,0.5976973785874575,0.8483802654147314,0.7609960565583704
16,4,0.9855839532663888,0.00799370242373457,0.2908225470222301
17,4,0.19257547742508563,0.51884461227094,0.7128050648532143
18,4,0.29308971531017874,0.6984514234023167,0.5680777347768298
19,4,0.4994240363218981,0.9849011334145512,0.7862790888486437
20,4,0.6589607602576378,0.6787716743710034,0.5973037252304094
21,4,0.611160847005419,0.8100634055722242,0.7570139606091415
22,4,0.7138413394187173,0.5213015765811053,0.6258206814158107
23,4,0.3146520276235207,0.7357093774562915,0.5709298942037502
24,4,0.4481492935951969,1.0,0.9927612656003914
25,4,0.30135725382446377,0.7130419327963167,0.5667069762268299
26,4,0.4394595531196591,0.9863282270386432,0.8375564986769564
27,4,0.04753480983790583,0.3253867975895815,0.29129844278608136
28,4,0.9629201629202575,0.023683032343628906,0.29367606660077744
29,4,0.1774487185931659,0.4969911407724363,0.35950176968954717
30,4,0.07387688642775121,0.3491527370383884,0.3923320533711668
31,4,0.9459613800877205,0.03801578907685238,0.28836556825610493
32,4,0.8435846837015071,0.1963022019850143,0.4403333413578186
33,4,0.982295102597194,0.010030718857331417,0.3013975425845868
34,4,0.8307574162689665,0.22482755857616546,0.28772021600926867
35,4,0.029616202572473577,0.3089781570096661,0.2994669645937385
36,4,0.5735252695769574,0.9185682088839144,0.5008713420146624
37,4,0.14563071498803065,0.4463021382633293,0.5849092136599658
38,4,0.5842301523442051,0.8872677332815648,0.8303414885128558
39,4,0.0807091800708928,0.355242445383284,0.47981642478226627
40,4,0.4577152387149391,0.9977699176325443,0.8173501346252537
41,4,0.8672438491955702,0.14746185541999648,0.4058692149858401
42,4,0.326186966035565,0.7545768141831283,0.5821722584400763
43,4,0.3383739275326524,0.7767031289276092,0.671066358154034
44,4,0.9270496435701087,0.05672196039372536,0.28208401192193505
45,4,0.6421800174382208,0.7239957508152314,0.8149496788143715
46,4,0.16432461163414563,0.4768462696554302,0.4359705774347486
47,4,0.8824196012439501,0.11864605580062008,0.42040384726876545
48,4,0.09295464749844382,0.3660755671006161,0.5990380933966004
49,4,0.5944398663413024,0.8577357661493322,0.6098880458493111
50,4,0.6376641542680767,0.7363288974584713,0.6245544048460342
51,4,0.3333645638829657,0.7659397999014658,0.7870380168618406
52,4,0.15948724118455831,0.469148735622438,0.6040328714732189
53,4,0.6458014609177659,0.7141548451215479,0.8461107742626112
54,4,0.3892214871917066,0.8859470611535887,0.7766535828441934
55,4,0.8240173018153311,0.24040469293379504,0.49270127281556086
56,4,0.22858155608931485,0.5718047288163829,0.5589880287223545
57,4,0.6704843802823766,0.6482790405053167,0.7380249314565895
58,4,0.5797212639504717,0.900409939650027,0.7784596421022331
59,4,0.0765328702818668,0.3515238332478146,0.6661201321888901
60,4,0.0389637617293585,0.3175612594191402,0.36955755010817776
61,4,0.86507932868862,0.15173014185169706,0.4525769074346608
62,4,0.14565816330591255,0.44634855036820986,0.5761923902788272
63,4,0.10057072385192797,0.37275872354769063,0.5844848595234363
64,4,0.10388760205109429,0.37565586450348715,0.4837151500431106
65,4,0.2934091745404017,0.6990222167653983,0.6883238988798211
66,4,0.533593254166436,0.9715205409875465,0.7975032462526247
67,4,0.8745127007202786,0.133418484078973,0.31688789062980277
68,4,0.877005369542964,0.12870507185076757,0.20360888831262064
69,4,0.3575471644537051,0.8188993393538118,0.5437369308013432
70,4,0.09555111930211915,0.36835877055778277,0.4946392221562757
71,4,0.44041621519450225,0.988176946079994,0.5691754254799283
72,4,0.9568105872137412,0.02858573346450453,0.0
73,4,0.038226579791593066,0.31688618055657886,0.1936676828779347
74,4,0.31125171912818966,0.7300055347192386,0.8350038226610944
75,4,0.7892965943327946,0.32723488647330573,0.39289298220030905
76,4,0.802705106353663,0.29237822864379637,0.3751816252173646
77,4,0.8605752442756284,0.1607399322455744,0.3251877290313533
78,4,0.5475604873108978,0.9655809284550702,1.0
79,4,0.5949528530584369,0.8562603151711984,0.6822466694926101
80,4,0.13710582445170283,0.43166851074230916,0.6806720538190814
81,4,0.03125894514859033,0.3104901343314068,0.4934088450547118
82,4,0.15348373439822535,0.4593943444017331,0.6928180483230179
83,4,0.7635737228537103,0.39015938364444375,0.49130705567160243
84,4,0.36999833639844226,0.8456359885925395,0.6118321981681719
85,4,0.28282371343325724,0.6798095803741514,0.7459503578651672
86,4,0.24123541266791695,0.5984157750944092,0.4284691569573489
87,4,0.8796095244836806,0.12383636624632192,0.3985741521336998
88,4,0.36828664349523266,0.8419904102594521,0.9712679432683735
89,4,0.896527149951575,0.09357343921213687,0.12417865447791852
90,4,0.959236534700194,0.02660415434738672,0.17444434154183794
91,4,0.881036223007056,0.12119299820003994,0.29797280612343213
92,4,0.37330700057609023,0.8526562519318459,0.6337584074284653
93,4,0.6509549310523619,0.7002274165484885,0.8387371952316244
94,4,0.43480189208705494,0.9772963127518869,0.699309523178586
95,4,0.7368859023742628,0.4584597795061803,0.6469387193017039
96,4,0.7047867027432606,0.5469577976574332,0.582920223637228
97,4,0.4323458086410225,0.9725125080535222,0.8476591726112167
98,4,0.4055793489325658,0.9193812811619936,0.727200495696091
99,4,0.605577144180054,0.8258856605266931,0.6434891856499441
0,5,0.4104277502378916,0.20347889730604657,0.21407744186272304
1,5,0.06458399779656282,0.0162744896371507,0.02948025848219105
2,5,0.46834166145326744,0.2587205261496931,0.2522490118219376
3,5,0.35302801340820705,0.15656860268900605,0.17984364213801066
4,5,0.07891530038760276,0.020235662660888512,0.06700052920475444
5,5,0.1325063075541574,0.03599033419806109,0.06373823976253491
6,5,0.91617883854123,0.8654438456815395,0.8514150942368514
7,5,0.8750432300844678,0.8016034830834928,0.7700867365600639
8,5,0.7860078310791065,0.6709122423161443,0.6634454764940269
9,5,0.7165779880863876,0.5666118982494636,0.577003266366304
10,5,0.6716918564992179,0.5004824758182326,0.44162773586286164
11,5,0.6352277555872823,0.4522965671389391,0.48779529058995497
12,5,0.389580350952336,0.18571234839246883,0.20896906458514108
13,5,0.7688485215640894,0.6452012856314064,0.6437252817698718
14,5,0.21913849134211955,0.06598401741410333,0.09605777711261108
15,5,0.708428395289498,0.554506104900973,0.521441122580808
16,5,0.3027077464389415,0.11911596870271375,0.15890468922918882
17,5,0.7860662813862822,0.6709973824284611,0.6768960643302204
18,5,0.6067875980412737,0.4163899040582262,0.44921221518806415
19,5,0.8748621981763088,0.8013362759401087,0.8225040079520989
20,5,0.08217921487319864,0.021156561894847783,0.0615352215414552
21,5,0.5459138325829331,0.3435701449929827,0.3916490501952967
22,5,0.9190421719432953,0.8700418565669065,0.9047172490492092
23,5,0.6135095111582668,0.4247713034622818,0.4497863657601813
24,5,0.559713349353804,0.3595463579556847,0.3574090812747564
25,5,0.3272712133653657,0.13734064202970722,0.1294978295214494
26,5,0.8353760743627813,0.7431678939854672,0.7531097714701812
27,5,0.24280052369196478,0.07962174216447072,0.11257617154023856
28,5,0.2860311885760387,0.10742495095219942,0.12976438904806512
29,5,0.6033682740903937,0.4121515794666726,0.43671198406769174
30,5,0.3881947128704356,0.18456079802300931,0.19635638184764953
31,5,0.4114065738589017,0.204333331018968,0.2162790418813434
32,5,0.5330029434792493,0.32887922589109425,0.34125779353222524
33,5,0.8790774879220132,0.807559088244645,0.7873533740723555
34,5,0.7664879081258072,0.6416191358063568,0.6636202020408647
35,5,0.8546567238816654,0.771539457331349,0.7671093555342254
36,5,0.8428046857497177,0.7540909337915939,0.7059832162931174
37,5,0.5473650991925342,0.34523539083498195,0.35092517212772767
38,5,0.5449957015085551,0.34251808690553603,0.3734713079254798
39,5,0.004382196118513326,0.0010267813478932579,0.0
40,5,0.6206127450276371,0.43369915813045806,0.45208192960729576
41,5,0.9158392114239571,0.8648984761790155,0.8493793911847501
42,5,0.20994514827067412,0.062478256392748385,0.07851494638348201
43,5,0.32045827980896785,0.1321646764991864,0.1646026429524199
44,5,0.2594242179089726,0.08989116866356045,0.1388447241032427
45,5,0.8966648443687898,0.8341144025592371,0.79529375677247
46,5,0.8251335960172311,0.7281262558766983,0.6873694448007673
47,5,0.25942882531716477,0.08989408739857513,0.12799077842288734
48,5,0.2041830941347303,0.060321222222898964,0.11025306757068629
49,5,0.5264629067476875,0.3215227972481747,0.32296498601391577
50,5,0.013071274960253457,0.0030948309991883096,0.03852234019703873
51,5,0.4165259413313503,0.20883161520663748,0.22049090156473286
52,5,0.08529135241481241,0.022041203616255053,0.09596711048108028
53,5,0.9914042360069935,0.9862157108365336,0.9444211999041353
54,5,0.9532824143989623,0.9250296557657057,0.8904314608236298
55,5,0.7542248579720462,0.6230582569517492,0.6235004657764617
56,5,0.6413537977086179,0.4601827369902321,0.47088821690101096
57,5,0.2056900393713401,0.06088237092412884,0.07757812178935238
58,5,0.1648241145752598,0.04639833882239929,0.05527544093669007
59,5,0.1404669376722992,0.038470684292704296,0.06076229464236657
60,5,0.4522965412346673,0.24221625851594464,0.2624534577659145
61,5,0.0,0.0,0.017744458749309466
62,5,0.31302406338760463,0.12662314713366032,0.12772524535741986
63,5,0.6112834077070675,0.4219883777985659,0.427366778641686
64,5,0.9980755475898555,0.9969144273202732,0.9766597165537758
65,5,0.5216316580655281,0.3161255463735901,0.330764667469764
66,5,0.09906471309846154,0.026034289294991277,0.06241338299855207
67,5,0.04834057691204535,0.01194345941442404,0.07552818236892177
68,5,0.32694788021063936,0.13709287993161193,0.14958550444278182
69,5,0.5601470630288778,0.3600551341482285,0.369479795844249
70,5,0.8405707807706712,0.7508050535738345,0.740791066250389
71,5,0.05209414587340709,0.012929571325571222,0.05013736553009086
72,5,0.8982366655934421,0.8366373884195226,0.834015251676173
73,5,0.8991237879625152,0.8380613904240942,0.8358051536656372
74,5,0.45170364647223743,0.24161344171022558,0.22532760473817928
75,5,0.9083319092948801,0.8528441183035405,0.8244364559259064
76,5,0.15001978830336285,0.04151861205711141,0.07140145905186514
77,5,0.738391966992929,0.5992175003039936,0.6098084539281258
78,5,0.4743455444867203,0.26499018631590965,0.2818699032450224
79,5,0.9781159648023213,0.9648962073563134,0.9720293319007737
80,5,0.5257694796334854,0.32074619146999467,0.33916417241818114
81,5,0.8611059637257686,0.781043814500521,0.7677291819163556
82,5,0.8214815862535003,0.7227688019273772,0.736224045080059
83,5,0.8413804769987159,0.7519959354571988,0.7237920379681251
84,5,0.18552067889718832,0.053544916444097604,0.10109891697999078
85,5,0.9284474611543226,0.8851460689389709,0.8789833387702289
86,5,0.7079862875316668,0.5538505899465878,0.5484379858823585
87,5,0.05479209221603011,0.013643784140851918,0.003395081661440446
88,5,0.8868490529357214,0.8190366250178852,0.8157994846502058
89,5,0.3361726948006764,0.1439999345162434,0.15123295090041217
90,5,1.0,1.0,1.0
91,5,0.4616052014929755,0.2517466328984452,0.2853365122855153
92,5,0.8135006280026336,0.7110720874563706,0.6986698348120297
93,5,0.7050644919308963,0.5495216082665377,0.5604789260224804
94,5,0.9645712542971987,0.9431552029836932,0.9360325346931632
95,5,0.7166733088114282,0.5667537408790339,0.5537785256260931
96,5,0.49503473022840566,0.2869828307828022,0.2809793852175547
97,5,0.9787593268785887,0.9659286577848417,0.9615479285226355
98,5,0.728794535265331,0.5848366594875786,0.5619197484434774
99,5,0.4967310140704509,0.2888124323600456,0.3015580146534558
0,6,0.446698427623525,0.49083940385406427,0.4407871927502167
1,6,0.38597832662169185,0.39011481592247665,0.3893042332657916
2,6,0.8164105830778555,0.9095746616321017,0.8021527440687459
3,6,0.9763440067190711,0.7189211882114176,0.7022111715775228
4,6,0.9226516203123223,0.7894799796366557,0.6680938037707097
5,6,0.09075540019378814,0.00032103590225193333,0.1276423901422758
6,6,0.1104726201626791,0.00984342312106131,0.13773725571556097
7,6,0.9832442454254888,0.7085323736146998,0.6710895688643481
8,6,0.13676174869245383,0.042109841586999396,0.09377180819027046
9,6,0.9050332927723437,0.8086661624201298,0.6905347412659535
10,6,0.7457706765940201,0.965806862323796,0.8461299398189915
11,6,0.34335074803509386,0.31787508030008177,0.2630623025865048
12,6,0.0,0.0015517432244391636,0.059030711577116854
13,6,0.6600453147853225,0.9948646579958054,0.8690658685778867
14,6,0.7763709044914077,0.9416696782651456,0.9077369246626132
15,6,0.928730100742554,0.7824060188641565,0.6870542783059984
16,6,0.10132245085079675,0.0005406930453630359,0.11077939626165038
17,6,0.06129874749729914,2.1348455580805865e-06,0.047256041234215056
18,6,0.8894716177648393,0.8244902589317112,0.8559289911735397
19,6,0.7052576134236596,0.9899447910335506,0.8555124684567377
20,6,0.20905681522652286,0.1259605273891699,0.22404282759100558
21,6,0.722077577441047,0.9809691184010424,0.8890104247040801
22,6,0.9818143593583579,0.7107098992187282,0.5569538075116394
23,6,0.05158673428299023,1.948024419897487e-05,0.13910348010177656
24,6,0.7143863489651704,0.985254010986123,0.8262087010474692
25,6,0.17174457483690866,0.08367769875267062,0.17422943591879383
26,6,0.863315887544689,0.8590932746254031,0.7864797501480323
27,6,0.6276766614300333,0.9281746272047754,0.9381636235915357
28,6,0.30952796253830417,0.2674285719672434,0.2515543435433499
29,6,0.2273934473283086,0.15144112314659255,0.29786147607042757
30,6,0.682021147455916,1.0,0.7943290818278043
31,6,0.6328336007798009,0.9392127449074079,0.8232256979931226
32,6,0.5919481673384628,0.8475788864672703,0.799534362010569
33,6,0.6519766821832316,0.9788246341968718,0.964601179463449
34,6,0.15169640680076518,0.06006228577820354,0.23311286924683297
35,6,0.8909375548325283,0.8226060592830661,0.7321164043972034
36,6,0.4257158775643821,0.452416706070267,0.4226285600402175
37,6,0.9257514386596012,0.7859016439095,0.6938682350317975
38,6,0.45547916080124007,0.5141601777307122,0.45977489046172015
39,6,0.6279913427024025,0.9288525813681521,0.9304194316952824
40,6,0.11387050021825708,0.014057956389163179,0.1900601315830882
41,6,0.22411894503388766,0.14640415439684829,0.18310073599513232
42,6,0.011287090500164907,0.0009758873949957757,0.16132650766228976
43,6,0.07450068146849628,8.319162479109906e-05,0.1311495419232434
44,6,0.15462826567178453,0.06355155190079166,0.1592344100480715
45,6,0.34215648289097006,0.3157763511484435,0.32428733016104894
46,6,0.3788295780230872,0.37837497310534174,0.3876511150231862
47,6,0.7161042123724881,0.984323544384365,0.9165038276174422
48,6,0.4772942967424518,0.5708350725412948,0.6114515736302577
49,6,0.8742267923368425,0.845230323110703,0.7596737519102865
50,6,0.5049258996458483,0.6398724418493545,0.606062570036527
51,6,0.9858519707175568,0.7045278681027936,0.6326578785118956
52,6,0.4220781233965744,0.4469291332833791,0.4439856900263104
53,6,0.5190706941693713,0.6739483167405418,0.5608782324266693
54,6,0.9491082495463273,0.756988422819069,0.7106082644956863
55,6,0.5117875228198101,0.6565130634660266,0.576391409519605
56,6,0.370458787528309,0.36443158840490053,0.3488820910952002
57,6,0.5546663633425934,0.7561841482705507,0.7655609173852934
58,6,0.4514949069030458,0.503613578590207,0.3810626142103462
59,6,0.9469334640774683,0.7598260373646294,0.677646868928765
60,6,0.7469298217527816,0.9649874981035528,0.8784048362960882
61,6,0.5906988953292039,0.8446339885278188,0.7748323777893616
62,6,0.9368067645704392,0.7726457357141667,0.661582761174224
63,6,0.8592011090892739,0.8641107786218422,0.7107518997153199
64,6,0.6227910005574383,0.9175760152634646,0.8672265057512529
65,6,0.7673084321857742,0.9493677561626029,0.9424700600612786
66,6,0.7989374004902261,0.9246877980132395,0.8830000324373334
67,6,0.7969178476468246,0.9263080973869205,0.8882569599329162
68,6,0.08226074439015019,0.0001797659154703487,0.0
69,6,0.01652066668851483,0.0007590668645701427,0.16069125596942227
70,6,0.34901492181196664,0.3277752897499771,0.3231019818991617
71,6,0.27687327198804335,0.2237642177477483,0.22517032543037716
72,6,0.04695214437088321,5.3448976490534856e-05,0.22861144593441032
73,6,0.05921112957282069,0.0,0.14475048720365846
74,6,0.09348940607773769,0.0003735513634383221,0.10794550165589663
75,6,0.614938211932311,0.9002561806251407,0.9298636769071731
76,6,0.19512878429744382,0.11044853250279109,0.1442245256783853
77,6,0.8813605003227547,0.8357251420877254,0.7900057876714429
78,6,1.0,0.6820520955998333,0.6888509488996811
79,6,0.784046582707525,0.9360254888093004,0.8330527632602485
80,6,0.724791220818359,0.979383768686756,0.8666807647088198
81,6,0.2813399860029513,0.22993290672768382,0.28745982970225287
82,6,0.7165967232080761,0.9840539699713822,0.9228530085477181
83,6,0.6494002301664337,0.9736200138205162,0.8842875384788905
84,6,0.12708804052719833,0.030330387856338226,0.15630467677412724
85,6,0.05616010563541654,2.549883932405505e-06,0.11709434779724955
86,6,0.2995428019773126,0.25443236479866416,0.2829840066203171
87,6,0.6932982121136604,0.9954533393163,0.9794269440312973
88,6,0.5866500207050326,0.8350323133662709,0.7969015697532141
89,6,0.7168053548143551,0.9839393978904453,0.9569347696554842
90,6,0.8754046956415792,0.8436849904828344,0.8047623204024469
91,6,0.8059226971837016,0.9188820489849254,0.8430566913830785
92,6,0.09064814883757469,0.0003190419914479061,0.10402320634270204
93,6,0.30128710010757287,0.2567254997110376,0.40248320742747923
94,6,0.3031332953609173,0.25914209276400885,0.32686660445872
95,6,0.6387258797441405,0.9516356462556903,1.0
96,6,0.3287954705179379,0.29203303162631444,0.2837769825179323
97,6,0.2084574670062855,0.12530004104747444,0.20651282497331314
98,6,0.009170507035919226,0.001072396011663402,0.15053096783276282
99,6,0.8643035327938959,0.8578718432535684,0.9109846239260764
0,7,0.17933837665822602,0.5472783957465034,0.3968546725992641
1,7,0.9676143554942723,0.03496679990974479,0.20237993691083783
2,7,0.40105915235271705,0.9353667185895993,0.6807874069338476
3,7,0.8241888579864501,0.2670084999011963,0.46124214648937223
4,7,0.3308925583979457,0.8064600684931502,0.6994627082714925
5,7,0.028732053601262363,0.2730151524465874,0.24070780154419008
6,7,0.8446668430551052,0.22241108534057835,0.20252604033894595
7,7,0.11666356504198623,0.4120205432400048,0.6033377784623868
8,7,0.0,0.23415376181153102,0.5092895006706853
9,7,0.16378252997482357,0.5163039833238559,0.3368282288058801
10,7,0.4137324887134812,0.9567176564828344,0.6245102906508953
11,7,0.13632565387517626,0.45740772942157143,0.24079118987040748
12,7,0.2224062174089019,0.6272738917144597,0.6972678373700959
13,7,0.10040200038759162,0.372524003316969,0.09643415538061174
14,7,0.2829659624819544,0.7332103046775359,0.5945757830653996
15,7,0.7663633496588381,0.4052665631230261,0.4731676707903145
16,7,0.058525747331115506,0.31275667590104933,0.2806763227534672
17,7,0.6268304486489643,0.791783717409186,0.5981487638046837
18,7,0.14725688907440931,0.48149166388497683,0.5751380473426798
19,7,0.9455623158394363,0.0593294596331623,0.4566145330041465
20,7,0.0026245457252958996,0.23772373696860905,0.26953456564738904
21,7,0.3359236467526493,0.8163520593460021,0.8167673237168105
22,7,0.10102673800325913,0.3740735302570149,0.38758089914566235
23,7,0.784224697758624,0.35863961162678754,0.4331541449024377
24,7,0.7597215471287351,0.4232173702354301,0.4722673104887736
25,7,0.4719994288386301,0.9999015719548643,0.7250618450157871
26,7,0.0149176390849923,0.2543922794454235,0.32140609910692275
27,7,0.7364484604545205,0.4870051561872487,0.3998659444667035
28,7,0.6280576212181463,0.7885390072358762,0.821938666894862
29,7,0.14644291536493395,0.47972703642950104,0.5635248002870531
30,7,0.6199847528634788,0.8099022852933795,0.6115975290306424
31,7,0.90046155999189,0.11197899335103963,0.1787926570463498
32,7,0.7321829973988331,0.49884755601511777,0.5061824619703219
33,7,0.0339332989880715,0.27999571866262957,0.5609911320476398
34,7,0.14070587519637437,0.46715816782936725,0.5585941204821377
35,7,0.5634245376330124,0.9606480590630615,0.6498828512696805
36,7,0.024294185389111572,0.2670454819370112,0.05750871247071605
37,7,0.41045582945040243,0.9512496540373815,0.983378966997438
38,7,0.019955432138490947,0.26119723863778543,0.3573401054166109
39,7,0.9415325323267075,0.06385901176966353,0.17408872393590502
40,7,1.0,0.0,0.1831305985310456
41,7,0.546592152984779,0.9921075579482225,0.7919840192628937
42,7,0.8202607731975167,0.2757317944680704,0.4549621287930207
43,7,0.36094359221974637,0.8640017438923049,0.6951778917752903
44,7,0.2669461972664955,0.7072332793551735,0.47352952184294916
45,7,0.22235036903458916,0.6271665945427173,0.44152296619899073
46,7,0.9209445327680061,0.08748618377346433,0.41407598881679236
47,7,0.812140294568963,0.29395014751351056,0.4140833753396124
48,7,0.6125202623929601,0.8296928149440431,0.7787992104844371
49,7,0.8069264049112375,0.30578365615724773,0.3552526010453373
50,7,0.7810216519117399,0.3662818965363529,0.483184641210915
51,7,0.4790863489043098,1.0,0.616029344464078
52,7,0.11294398370202736,0.40314082389372463,0.37075096381416445
53,7,0.00847373382057318,0.24566581248627636,0.2831221648581398
54,7,0.9329026365403544,0.0736577231940429,0.0
55,7,0.10324352336155472,0.37955121000404185,0.4656879079634588
56,7,0.637999271933017,0.7622904202928522,0.5863833109059519
57,7,0.5006746656959538,0.9991009538733134,0.9552755979149723
58,7,0.3973861278505866,0.9290754593782707,0.6394171834801127
59,7,0.1321041481622496,0.447885228386319,0.5989549686136155
60,7,0.16853820851045173,0.5259600494251497,0.42183789552353984
61,7,0.5978057667754326,0.8688042618229209,0.7497884087381966
62,7,0.84809919843038,0.21507125108265518,0.19804206414183212
63,7,0.5306750879630681,0.9952163355780466,0.8306852893069075
64,7,0.30810230792712245,0.7709417300466468,0.6618048032231882
65,7,0.755327004038287,0.4351559509241126,0.3174197153931702
66,7,0.16622677824462423,0.5212872576759915,0.49864792349618403
67,7,0.5603036135940102,0.9690133409498839,0.5946542996696571
68,7,0.6467348874465596,0.7392832957317196,0.4236108561648014
69,7,0.7740873111541224,0.3845306990846729,0.3662193274211141
70,7,0.849906449036847,0.21122121150008807,0.19270674360670048
71,7,0.8341847134143735,0.24506083536818635,0.4065618042370597
72,7,0.4216431155928785,0.9697718742805229,0.5904474559864609
73,7,0.15216690122149154,0.49203729877538577,0.2521415743062377
74,7,0.5410961337770013,0.9932538667460422,1.0
75,7,0.8894518812639957,0.12921049396172907,0.33854137838750936
76,7,0.7124354577383171,0.5542944382066672,0.6396946622851101
77,7,0.5529909634115149,0.988630527370677,0.5954076369442728
78,7,0.6441469166046716,0.7460935491823558,0.4316912345676084
79,7,0.015797673509604065,0.25558212144861064,0.2730176601169738
80,7,0.1841875392041251,0.556571548110259,0.38098054310509083
81,7,0.9063609218034421,0.1048095611086927,0.3290652938494425
82,7,0.1720658418668613,0.5330168315908452,0.7412641476219733
83,7,0.11100068971431441,0.39846496419528765,0.44113136883835485
84,7,0.9893502325012333,0.011439921714345923,0.25456610976128546
85,7,0.22612242791387144,0.6343743565065402,0.7887830390106253
86,7,0.9452017498680702,0.05973362623835405,0.29195219871527905
87,7,0.44381748067567584,0.9973599274328425,0.630457537154812
88,7,0.6165450530196004,0.819017577377357,0.610083723991542
89,7,0.6463588371902201,0.7402725698823343,0.5498962584679452
90,7,0.3841817449225372,0.9060634184284668,0.7235541440596577
91,7,0.9874648866943344,0.013468914631366697,0.24140238403345918
92,7,0.4380663686210649,0.9962306420621627,0.7184319671770534
93,7,0.8107822136453938,0.2970220149431091,0.365349139299589
94,7,0.976916762204656,0.024855945998764662,0.43172923034709043
95,7,0.5808470468049993,0.9140319160192684,0.7465725899775232
96,7,0.6471287963184337,0.7382471520844974,0.5515465185090515
97,7,0.60937444104426,0.8380436511217353,0.7727702885086685
98,7,0.6418075597329086,0.7522537470838299,0.9501771045599198
99,7,0.834193509970615,0.24504167455789783,0.13416631081400668
0,8,0.034574521824597346,0.009014341971825298,0.08667810841799979
1,8,0.10030407938798695,0.028044735438024042,0.07824710540218549
2,8,0.6040015151573632,0.42968619388618084,0.486160851847082
3,8,0.06994950464108939,0.018927430079571133,0.059389555521731516
4,8,0.42838320171525035,0.23670440111492227,0.27382255782597714
5,8,0.8436008122357248,0.7697308061734252,0.7634272111888699
6,8,0.8273106678124394,0.7462105428996912,0.7319924600540365
7,8,0.39165962790047615,0.20509246582041116,0.27783809379338853
8,8,0.16261258344779403,0.047420008761965414,0.10339793424954274
9,8,0.453420807858667,0.26088176280873415,0.2304452630875412
10,8,0.042375951960031195,0.011138048164503896,0.0
11,8,0.3826729252082469,0.19769089801367756,0.23956629855435138
12,8,0.5602845771115833,0.37924572719986066,0.44320608528221245
13,8,0.831485924202792,0.7522573274686375,0.7696488910900471
14,8,0.6253554250929227,0.45520995114295465,0.45087558788154747
15,8,0.09573171302479723,0.026633303071993665,0.04039519295877411
16,8,0.6022694481936489,0.42764086086418684,0.5065350616510437
17,8,0.3958105787444394,0.20855609866121838,0.25561737735758233
18,8,0.33249692352695565,0.15885777432992626,0.14334983203607388
19,8,0.8685257637707399,0.8053162076200948,0.8068453494732183
20,8,1.0,1.0,0.9890710097520096
21,8,0.6431253693371662,0.47687494460796087,0.4590649370244068
22,8,0.7255352112925716,0.5948158688542656,0.606817863330128
23,8,0.5113043178997184,0.3237010037844943,0.36204471321640985
24,8,0.8292791452723605,0.749062910652643,0.7569848602733932
25,8,0.6166084381221807,0.44468657400905814,0.4719528468072846
26,8,0.9716748341718914,0.9587530932300191,0.8877828681197804
27,8,0.2963842885071569,0.12730162133532316,0.19312651968891326
28,8,0.8468358199908794,0.7743779141718868,0.7875456366045458
29,8,0.5460616596621308,0.3630405032098391,0.3692678320727308
30,8,0.03660943237076022,0.009564984243201695,0.026735207059229826
31,8,0.0854710182363717,0.023515758202068707,0.03966933629314765
32,8,0.9900843097996498,0.9856582272638541,1.0
33,8,0.22749094833523817,0.0732065466647752,0.08936944846052917
34,8,0.1270885234731806,0.036157665297704464,0.07326768585398294
35,8,0.2680980904276332,0.10402127001274641,0.1397477120181977
36,8,0.08503331785408239,0.023384282846832867,0.05729520283869888
37,8,0.04643269720826159,0.012256038825032591,0.05504031345174637
38,8,0.42963880781891955,0.23782343349477755,0.24907204158825616
39,8,0.7077606478881578,0.5680043160311279,0.576204163170539
40,8,0.9278969517344029,0.8934215983989106,0.8458913027196732
41,8,0.9005697438201409,0.8517659081593629,0.8688985861753405
42,8,0.3229231920016912,0.150522388870663,0.17377635299684896
43,8,0.17776882028541027,0.05246980708590428,0.06750691582210304
44,8,0.7795868344928674,0.6763112051535595,0.677684792757993
45,8,0.6389395113226289,0.4717374350882702,0.49794467934906117
46,8,0.5508197637734445,0.3685145874367177,0.3900730951214196
47,8,0.5656028897337211,0.38524797981443837,0.3896890225281509
48,8,0.7612850283318733,0.6487655879932247,0.6552418465094042
49,8,0.6252074671266491,0.45503116500461677,0.46169381695253636
50,8,0.28233256826998854,0.11554850014097738,0.15870979506063443
51,8,0.2351531483916887,0.07878841667583558,0.12202524206103173
52,8,0.4198823576402878,0.22919400349438815,0.2538749405810514
53,8,0.08118601584061574,0.02223390008968154,0.03699269748425855
54,8,0.7391288307086092,0.6153330781570044,0.5869898972862461
55,8,0.2934014321939197,0.12477550774008281,0.15483627815119277
56,8,0.3496083862934201,0.1716195020752899,0.17392755184842548
57,8,0.5519407222595448,0.36980724764663814,0.39554563811604787
58,8,0.23410659372805656,0.07801966709931217,0.12710083982198173
59,8,0.15909849958502525,0.046270521205624214,0.06063043583893779
60,8,0.37096359812148794,0.1882478934754759,0.22414295978947268
61,8,0.8712401055955653,0.8091596675194859,0.7839761934286958
62,8,0.49797584373643716,0.30892849459721744,0.37994207352270165
63,8,0.3257710527200875,0.15309427440332912,0.18908960389589188
64,8,0.5842801800749449,0.4066240394458137,0.43139556688662833
65,8,0.039312444376395465,0.01030000555199045,0.044597688497747194
66,8,0.9460194308031719,0.9206866083610149,0.9296088115366236
67,8,0.896737990445749,0.8458759633825436,0.8646195901141945
68,8,0.8827861833603716,0.8254341032269028,0.8386614620587817
69,8,0.3524592211454179,0.17379454991607948,0.15391477930836828
70,8,0.5563064115576428,0.3747807867639502,0.38611183975780805
71,8,0.6488066200083497,0.483881068121544,0.4788376422847593
72,8,0.7821775200243288,0.6801384008748178,0.6968183491948043
73,8,0.0,0.0,0.033885203993414215
74,8,0.7124834859461967,0.5751253648233806,0.5863672005599517
75,8,0.028773611629231043,0.007457247758855438,0.029611370354575485
76,8,0.8289874420077922,0.748640398004593,0.7801236506652761
77,8,0.7111444555853216,0.573106120400929,0.6272067601587995
78,8,0.4918265578003165,0.30217354937558194,0.3352483750098426
79,8,0.004897592866366856,0.0012389620933910112,0.047058354644074374
80,8,0.5759398353178881,0.3970218784203856,0.37561009424366076
81,8,0.13796277174192334,0.03952199710142285,0.09680892008564378
82,8,0.1084526375849345,0.030556417255297626,0.06899447955026225
83,8,0.18913990186214993,0.05635848839699324,0.11299817469050723
84,8,0.7466127271666662,0.6266287490557677,0.588084360582868
85,8,0.213609719803875,0.0650268725761736,0.10130602317208563
86,8,0.11221174704739204,0.03166984623119243,0.11936743548889271
87,8,0.7043733234509226,0.5628987011754324,0.5570155994562133
88,8,0.8449658629656582,0.7716927011774809,0.8031655712251331
89,8,0.4808468421234497,0.29020932923377324,0.2578214066702018
90,8,0.0850173223801627,0.02337948048924603,0.0538423453121145
91,8,0.8208337641478138,0.7368064731179681,0.7866999359216265
92,8,0.2962911841333691,0.12722251850368435,0.15542922817128957
93,8,0.19761782800755998,0.0593148061838708,0.07021057074662258
94,8,0.5854798597407755,0.408012672436822,0.4735067253625818
95,8,0.48075297421040847,0.29010758589752084,0.32096755065486116
96,8,0.8619660280566374,0.796001113163863,0.7662455737675559
97,8,0.7974496118943882,0.7026294418536326,0.7310860246529463
98,8,0.8236800631252147,0.7409426519983339,0.7332759733315076
99,8,0.7142039919165631,0.5777201565551969,0.5818999845636469
0,9,0.03577381463631519,0.8929734307740378,0.8079605416152928
1,9,1.0,0.0,0.026449118862329795
2,9,0.5569388347714818,0.9071492670586964,0.8131997520672729
3,9,0.3153188865250634,0.9972759641606664,0.8932230651971974
4,9,0.11884398226849377,0.9269979738050814,0.884405391647522
5,9,0.4235470840721413,0.9971232225698127,0.9227844778691928
6,9,0.9931532504410954,0.013705164761257342,0.1037791585823459
7,9,0.37721574127267227,0.999815727665294,0.8317345315984177
8,9,0.974819980442147,0.050771648563902476,0.0485722537618329
9,9,0.8425154026838936,0.33000699596202404,0.3451877384939988
10,9,0.5646477266733831,0.9002804247355239,0.7922607533972506
11,9,0.972300041429855,0.05590987011659851,0.0
12,9,0.3971874291805472,0.9989918312120983,0.9748977652519912
13,9,0.9577977659560332,0.08569252534588483,0.14671992346257257
14,9,0.481699418152427,0.9693435280765609,0.812652180425686
15,9,0.03185674609875225,0.8915834252057352,0.8781422167765857
16,9,0.0,0.879986355857279,0.8075783044282449
17,9,0.19829726839508588,0.9628207568694931,0.8861519166815123
18,9,0.006818843079704692,0.882511203219832,0.7344287430293558
19,9,0.4409500906371617,0.9954291730693766,0.928068792945386
20,9,0.3029601771326576,0.994916863167466,0.9216852171934977
21,9,0.134525676725402,0.9353475382280982,0.9019908356330053
22,9,0.8222290297433021,0.37450351942794285,0.31849783777272445
23,9,0.6723244381167492,0.7104176584748444,0.7709831861861103
24,9,0.6437843663354142,0.7607843048299963,0.7604956622088885
25,9,0.8573698710000806,0.29781271298589507,0.28362222840763374
26,9,0.9039025046308928,0.19888728543014275,0.34114901888633364
27,9,0.6187730538322931,0.8049184101547023,0.7317024761570697
28,9,0.2818198558580549,0.9900932873286393,1.0
29,9,0.6806241116050543,0.6957747909630546,0.7447936603094562
30,9,0.8484795179588961,0.3170426738210068,0.35043444892860026
31,9,0.993950484950319,0.012105574062002933,0.1445016186663401
32,9,0.016718252005010707,0.8861361297795752,0.787461834244402
33,9,0.7622771679360217,0.508904351704833,0.41060959663913416
34,9,0.6584934246587844,0.7348247150530092,0.6552040862435903
35,9,0.6881204913191904,0.6792033998729756,0.6728511229241336
36,9,0.8704073547597477,0.2698117798756495,0.36795301883563936
37,9,0.6848470635456708,0.6868185645499899,0.7512891570790424
38,9,0.7840599977925138,0.45973327232436095,0.5566399444407802
39,9,0.5416288031880763,0.9204791827658462,0.7488821346912731
40,9,0.655355261739378,0.7403630739804932,0.7260191874720983
41,9,0.5528418872589512,0.9107459699341767,0.8046972970209253
42,9,0.7302759395536209,0.5818601536768778,0.5869294666925331
43,9,0.03773797185559453,0.893667351900833,0.8238824532412535
44,9,0.45335846223949317,0.9902854007977305,0.75687958018615
45,9,0.7946361534471797,0.43600712919292584,0.39115019635325454
46,9,0.8573005877441022,0.2979621407819689,0.31354011633597234
47,9,0.047382257788184216,0.8970443298820463,0.8297862494553081
48,9,0.9755714362896083,0.04924148093514385,0.1426313703804034
49,9,0.12565554245887162,0.9306995464015893,0.8911589956400184
50,9,0.6709875921612825,0.7127764889591519,0.7150832365996396
51,9,0.09747100139265615,0.9146498777684351,0.7023309906202391
52,9,0.7668917876139482,0.4984539088591891,0.41155233654231715
53,9,0.5610007203139544,0.9035627804665298,0.817270426742412
54,9,0.03528004389046994,0.8927986611397558,0.8650614492141905
55,9,0.8790335192192902,0.25141063018290555,0.342015769884072
56,9,0.6539535056750577,0.7428369852771005,0.7767790821111978
57,9,0.4304400083040893,0.9964947108887295,0.9140697066110202
58,9,0.07133734452216833,0.905207238615642,0.7889875478129915
59,9,0.017290393369376593,0.8863441385038685,0.830087425473367
60,9,0.26855392719263843,0.9865658884910764,0.9383261552031916
61,9,0.36897321305051506,1.0,0.8687916225104567
62,9,0.9154367155718169,0.17477652753824174,0.28140459226399744
63,9,0.02500608388821278,0.8891330027604103,0.7915457608458908
64,9,0.5486942843527994,0.9143653918140441,0.8281632221922883
65,9,0.32206475986547667,0.9984183998409027,0.9946708968648224
66,9,0.24326572225138324,0.9787930311611419,0.8535513523819899
67,9,0.6513457140321547,0.747439423315763,0.6981835051229044
68,9,0.19640022595915335,0.9621587517670236,0.8645347776524854
69,9,0.034971599867270275,0.8926894217511628,0.8916210296256755
70,9,0.7522787286316643,0.5316083389481232,0.4544615283868015
71,9,0.15527237193274654,0.9454454029917385,0.8813756040062161
72,9,0.1278364704197618,0.9318605032358032,0.8341018806971565
73,9,0.4156808589061394,0.997770814767522,0.9515113058989967
74,9,0.27519162032100103,0.9883786631145145,0.8255746020868892
75,9,0.5743532246148995,0.8832036196116161,0.8392435084196443
76,9,0.5140507225427494,0.9436695274219417,0.994579727255427
77,9,0.09516099559946697,0.9132496096881413,0.9086119406909009
78,9,0.4744297181208503,0.9748609662617483,0.9851182530387765
79,9,0.12945652034383423,0.9327152527065963,0.9075939185766547
80,9,0.3084403352772501,0.9960052530661396,0.8733588562510795
81,9,0.6388906679729206,0.7694208552325339,0.8435494185130233
82,9,0.9203039191621611,0.16446941160792272,0.22024326476971157
83,9,0.5904601743256518,0.8548379305465589,0.7442772724567962
84,9,0.7460814743172649,0.5457223100668599,0.5388362778040161
85,9,0.5018697901830973,0.9535425767437119,0.9512220881354152
86,9,0.6020916013152863,0.8343375806634148,0.7925365045778843
87,9,0.44419776952407597,0.9950742362664661,0.9823150128520485
88,9,0.6537501469695337,0.7431958874343831,0.6426612742061008
89,9,0.055990565717970134,0.9000152495119443,0.7591562469146282
90,9,0.45651140209585556,0.9880329308763357,0.8396601219124241
91,9,0.26683975346746835,0.9860822573447492,0.9327677189834979
92,9,0.9115424605483512,0.18290009324178658,0.2935043676155954
93,9,0.17698717151690468,0.9548272026679895,0.9813485412164773
94,9,0.34447282069432944,0.9999871032507005,0.9068536050785935
95,9,0.8403278329647141,0.33477527131234125,0.42971568865060666
96,9,0.8903710982244926,0.2273712316884701,0.2942798742782154
97,9,0.3401768112726456,0.9998958575492431,0.9477448819758926
98,9,0.05437409363096793,0.8994605326671067,0.7609335817173413
99,9,0.4078664523381385,0.9983390852043791,0.9297873297988856
0,10,0.6583564659957893,0.20655464673632354,0.1430076822537691
1,10,0.8592640695928784,0.0034998503124184107,0.1538125730794051
2,10,0.6760188524408783,0.19199952516833252,0.3603857738114455
3,10,0.30240447131623377,0.49480490956679046,0.7157348352291251
4,10,0.4977495463111402,0.3508449164960453,0.4639734764707513
5,10,0.3274496538188956,0.45282846856981684,0.5480538210625979
6,10,0.21374896078029623,0.6670218920370048,0.6400292934409046
7,10,0.06485678451699278,0.9085534448934923,0.8356270423409629
8,10,0.6735264903787633,0.19668644595093296,0.23070240113424473
9,10,0.2510502564448002,0.5911884006402806,0.6422445938673351
10,10,0.07423180257019735,0.8963719999786752,0.9173473865093815
11,10,0.7966206007557924,0.01900183635388644,0.24688177483891657
12,10,0.9466373956605665,0.0,0.10992611792632048
13,10,0.691711441910973,0.16334630035582323,0.34224559785612696
14,10,0.5679859379264773,0.26017015890026335,0.4233210086168247
15,10,0.6957357802992533,0.15623668283178338,0.2453322059888733
16,10,0.7932956628338153,0.020631174772195032,0.12619980537485476
17,10,0.718028375033257,0.11861907585659025,0.1845000571604494
18,10,0.6098156194306998,0.2287898664058159,0.3808514687606875
19,10,0.1181058474226144,0.8316927511480217,0.7771766205400542
20,10,0.13440474038448327,0.7999880851924268,0.8559638680583401
21,10,0.17682772132423477,0.724391159474702,0.6293142658775007
22,10,0.7279155759313878,0.1028937695839171,0.34254837230135105
23,10,0.6365669052583949,0.21461775282638884,0.3034035390038655
24,10,0.3895944793521184,0.4322876719399694,0.3820978519089144
25,10,0.7608788367310899,0.05473328499046914,0.0
26,10,0.6335706653141921,0.215972364446079,0.24611361595240835
27,10,0.6823622562229406,0.180238914423229,0.2389601787213483
28,10,0.010845792265479253,0.9838409940653943,0.838410198965006
29,10,0.8969240068405687,0.007977337386657337,0.10207287023128965
30,10,0.7447059870279945,0.07754135588648198,0.08074883788210901
31,10,0.3378723005442131,0.4441575286602143,0.5384249784745803
32,10,0.6632135284027316,0.20518906061277906,0.30495320455927827
33,10,0.677578979802898,0.1890846596381028,0.3497068795479866
34,10,0.6701238210153069,0.203145397827224,0.3251688044317729
35,10,0.9918927713264099,0.011998617223375235,0.1129476930323453
36,10,0.49115562659527456,0.3609990522802385,0.48410019839320206
37,10,0.6599546085348212,0.20608784417565315,0.3192310982421199
38,10,0.9214324292898513,0.0012527945004306839,0.16859489625101082
39,10,0.06071514066197054,0.9140188995320683,0.8837608574190525
40,10,0.9796923927080866,0.0069745764959303885,0.17937419885967762
41,10,0.618106865183657,0.22389896014080435,0.322985295472615
42,10,0.6373079294926666,0.21429185228049416,0.2742358696380572
43,10,0.19335559012299725,0.6977205663088721,0.7822176046337164
44,10,0.7753007373837476,0.03573085658208531,0.2687553799851952
45,10,0.7360964878028752,0.09032836330330969,0.16381336219887244
46,10,0.2694102258432638,0.5550972491929244,0.5786276369680964
47,10,0.8460598685565037,0.00431291874471428,0.16921989060959672
48,10,0.5841275739002385,0.2467465923793401,0.416176043106215
49,10,0.07216498209313192,0.8990348316915993,0.8302921151668036
50,10,0.4822153109833235,0.37514580788788593,0.2673464192441503
51,10,0.19160062360355914,0.7004770044080003,0.8795593987623492
52,10,0.12178786288036506,0.8244039167699804,0.8402690616176128
53,10,0.6713186205679256,0.2008695138279524,0.2980423200967873
54,10,0.8882657722785708,0.006492389666206275,0.125614662203968
55,10,0.6586754255924048,0.20646011402598663,0.4103213807005836
56,10,0.6552141043999491,0.20752238804025672,0.2495847346512651
57,10,0.5527927261904595,0.27531386666058566,0.4742315736000873
58,10,0.7048021204725672,0.1405766249281828,0.33130533307606436
59,10,0.33530679570069044,0.4452530100845,0.41909507599767265
60,10,0.40573600322223585,0.43255606698403676,0.4139087234132812
61,10,0.4734246481740384,0.389482071160784,0.37095194807504406
62,10,0.36330877340845386,0.435890534303814,0.422658960680353
63,10,0.5066672321970266,0.33748968874866053,0.27948096472494105
64,10,0.38018963756397,0.43300096895511,0.5202926939412047
65,10,0.4554543721838102,0.42010679515395993,0.4746009094575896
66,10,0.7838223563133996,0.025704894317482272,0.20224789877635263
67,10,0.0,1.0,0.905740340973387
68,10,0.6281699485470186,0.21856302958548604,0.331640176497732
69,10,0.5785255172835286,0.2512197518671636,0.2739561642596231
70,10,0.23116752157589884,0.6323840625951431,0.6034034592177794
71,10,0.6892529193533458,0.16773758167401912,0.3049030589810154
72,10,0.9868022825839462,0.009742582585124155,0.2855611614373359
73,10,0.6877364007429103,0.17046442532287565,0.3272529957246356
74,10,0.1244223941651802,0.8192338292955713,0.9625865265581478
75,10,0.16934207649020905,0.7369900565770037,0.8458517515810828
76,10,0.3492489286180035,0.43987778791182675,0.43445058522703667
77,10,0.42880304496832217,0.4362061884079421,0.4936015393480592
78,10,0.11186201041931168,0.844220356073544,0.7512079933657928
79,10,0.7817234337018244,0.02767425497486171,0.17779739110241033
80,10,0.10977230841288335,0.8484599657282389,0.9260528917939479
81,10,0.3766989892232558,0.4334288643654525,0.5150198266431089
82,10,1.0,0.016062885883388278,0.16125825208317934
83,10,0.9119663954741728,0.003203879653785074,0.09749963207893576
84,10,0.43576470837104503,0.43806125433735593,0.49324051503540467
85,10,0.39467226862409693,0.43216888244351004,0.507866974733844
86,10,0.03818008220938526,0.9446553347479073,1.0
87,10,0.13631568323221474,0.7963662233009686,0.979519773743513
88,10,0.4657193466370612,0.40239640300418195,0.4990556117876504
89,10,0.5723513048809001,0.25637856435504314,0.27633887681283653
90,10,0.1941849754304614,0.696424172034612,0.6692331049722279
91,10,0.18139803914401983,0.7168575548479733,0.9146550369387565
92,10,0.47003401214739043,0.39512479038206355,0.44004009512211095
93,10,0.930929605170973,0.00010927731419657801,0.28198755288148275
94,10,0.5944720488847337,0.2390088525391107,0.21348268943443777
95,10,0.21338527461643525,0.6675477144571123,0.781745198262739
96,10,0.5321729333358104,0.3016816779931889,0.4059319234096198
97,10,0.5658627263461412,0.26205731580854585,0.46546925097225583
98,10,0.44573568517284323,0.43740817993811526,0.5043731818858591
99,10,0.02364395499396744,0.9652187644848425,0.9911261364456481
0,11,0.13691980797168285,0.9116708860155892,0.858229761584537
1,11,0.04783642818310428,0.9678382595030589,0.9120750597304851
2,11,0.9346654704882675,0.17700795364906965,0.14010510730541006
3,11,0.20894344502794146,0.8735978835260525,0.8319003542436606
4,11,0.26545107796273665,0.836633303991432,0.8061619379430863
5,11,0.8310892060003524,0.37778812116299043,0.3787152003741187
6,11,0.7756163137029449,0.45018907543026937,0.42160582083896414
7,11,0.5689828839841596,0.637120501197627,0.6429308470149289
8,11,0.298744872662944,0.8129044272509821,0.780466811890323
9,11,0.7102679220139054,0.5175954632128081,0.5525764916084823
10,11,0.9599828495381398,0.11098612247831587,0.14752116017637734
11,11,0.9654721056674098,0.09624213041383484,0.1096015785473549
12,11,0.8024135065421517,0.41685885747210183,0.4042184456466047
13,11,0.8655402053109558,0.3262557854087964,0.32220203246952756
14,11,0.965375238639983,0.09650363747933517,0.20087294748365075
15,11,0.37872001024542984,0.7550688891812007,0.7297785233228239
16,11,0.6452029261647331,0.5747687860801244,0.5107534114824962
17,11,0.6366545277320612,0.5824055645008502,0.5809465029512407
18,11,0.2120989533451347,0.8719104875374474,0.8279240317750124
19,11,0.8861754588525289,0.2929936398405508,0.3003988229610279
20,11,0.560252487233452,0.6435130694510646,0.6646356189061744
21,11,0.29296837659949326,0.8171104551092637,0.7658029041804297
22,11,0.3566958996860018,0.770961543699909,0.7741709452686557
23,11,0.013608775201237235,0.9909279817148609,0.930977534619592
24,11,0.7602253487569864,0.46729516689901096,0.48826269240121317
25,11,0.2739690701214195,0.8306772925033113,0.7696327313244831
26,11,0.26877016083679983,0.8343214677830321,0.812823322219037
27,11,0.12029371632003029,0.9203976311133102,0.8769282533841782
28,11,0.01787548708965025,0.9880714471109886,0.9937448782795444
29,11,0.7876582451046196,0.4356070405799643,0.44459998820721275
30,11,0.14816431425260224,0.9057638040800371,0.8435046213159814
31,11,1.0,0.0,0.0
32,11,0.1897533451677659,0.8838150458795087,0.8116478848425615
33,11,0.03503001602168819,0.9765250488140153,0.9196268200780748
34,11,0.47143682589367736,0.6924265931485959,0.6504671229277924
35,11,0.9703894729425195,0.08290443883795949,0.1220137929710581
36,11,0.04568911135451936,0.9692989499712988,0.8427928371918137
37,11,0.28836820659888346,0.8204323048276171,0.7353444199332774
38,11,0.8769202396894539,0.30813392871938267,0.2743355132473676
39,11,0.34760965294688695,0.7773747758530735,0.727371017536145
40,11,0.2954078908099238,0.8153389424970451,0.7854386242345309
41,11,0.25422805310502694,0.8443684570054144,0.7915224241976213
42,11,0.6643920677084134,0.5569839283742493,0.5427558551395744
43,11,0.9200114387693067,0.21373339588596757,0.25684117893504477
44,11,0.8602146541066152,0.3345489250550199,0.33273370399818814
45,11,0.17023285798824644,0.8941429636218504,0.8088341921850885
46,11,0.6357233128673747,0.5832268582201668,0.600322745084198
47,11,0.07689878238715947,0.947897185062304,0.9596098151420218
48,11,0.8330193004939875,0.37503351210388963,0.38528356524111174
49,11,0.6709125642120004,0.5517716207878898,0.5614392419689743
50,11,0.18403862152615152,0.8868445566428271,0.8183597939630725
51,11,0.6447068897550997,0.5752167749674052,0.577850265500493
52,11,0.58380472782241,0.6259437160121955,0.6311119258104559
53,11,0.3907464480663998,0.7461686204594105,0.6768391485685139
54,11,0.5726948359632096,0.6343603671950476,0.6052363108873888
55,11,0.1783881461789473,0.8898349325003618,0.8624047152592983
56,11,0.12615616161725401,0.9173209545799071,0.8988641027775528
57,11,0.09599683773777769,0.9346092768384994,0.878697421056681
58,11,0.5721168889608076,0.6347917997820637,0.5793091696185436
59,11,0.3110652051989607,0.8038001889932137,0.7214831032149462
60,11,0.8446837813340735,0.3580512981676652,0.3830090801962583
61,11,0.08986830711177476,0.9388899274306016,0.8161244207781035
62,11,0.451766585983551,0.7021154246417927,0.651157888557015
63,11,0.5866188716207175,0.623773829212997,0.6159420567109772
64,11,0.6772664210645266,0.5465707259912231,0.568620450514487
65,11,0.6080705334989461,0.6067044520732779,0.5818367459356828
66,11,0.3901746662105923,0.7465954985582077,0.6839129716879382
67,11,0.6400777727632566,0.5793685802309149,0.5505339578878868
68,11,0.6486274354074427,0.5716594636966835,0.4863116573600072
69,11,0.9673776552524935,0.09108813743907931,0.09999404816883278
70,11,0.32671101147132364,0.7919642297557373,0.6962644554160737
71,11,0.0,1.0,0.9695650137983812
72,11,0.9737937934655415,0.07359886393341947,0.17784467410171928
73,11,0.5400333147027688,0.6561878354575582,0.6417626184255046
74,11,0.09615585779784865,0.9344979919808494,0.8472436492915919
75,11,0.010761025621818989,0.9928312398542887,1.0
76,11,0.8545861402108582,0.3431839041490527,0.3253016714083096
77,11,0.5696012368066788,0.6366624768893674,0.5858551986542535
78,11,0.8986823615304859,0.2652334296308992,0.27995553399749434
79,11,0.7272638419732221,0.5013664600715969,0.4964635904516096
80,11,0.9703094205683639,0.0831225518096248,0.10362085603523011
81,11,0.891396542995847,0.2822938864765362,0.2603564502575232
82,11,0.5053079884748305,0.6750617440366896,0.6386819771546034
83,11,0.5620207796583508,0.642229355261687,0.5924665491011224
84,11,0.8274239008701695,0.3829758843268975,0.4145729144298482
85,11,0.06750841903424144,0.9543761780467528,0.9140153356222998
86,11,0.48006254695932943,0.6880913773970995,0.6255841093861573
87,11,0.7881991469642261,0.43493605017379383,0.4364258394323539
88,11,0.34255038475805066,0.7809114623184625,0.7347423182827875
89,11,0.23697985281068704,0.8560226704426814,0.8907333597975031
90,11,0.6571438339661522,0.5638000682029838,0.567426211332504
91,11,0.35494027424476987,0.7722069792072179,0.695984073379889
92,11,0.5694551974498487,0.6367707142352267,0.5959973666432985
93,11,0.32914762529714126,0.7901677828060043,0.737229962824445
94,11,0.9441198270502339,0.15273414557049245,0.16129053817425137
95,11,0.05411216202508832,0.9635595010968253,0.9304688941351573
96,11,0.24644840493317885,0.849658853407644,0.7627891545520037
97,11,0.44236838315988664,0.7066564475668776,0.6880862462655405
98,11,0.1498758262949899,0.9048640569033417,0.8786443530780409
99,11,0.21617819342273495,0.8697257207412425,0.8339416739412839
0,12,0.7171827554582814,0.9682747973039173,0.8993313276130387
1,12,0.23283337417998484,0.20663076159130905,0.3029328895482086
2,12,0.5806975375670946,0.8334886533264413,0.7157875898924563
3,12,0.9117085446440588,0.6549695759967897,0.5889377935547596
4,12,0.6142669728864415,0.9082713311759898,0.8251689056389276
5,12,0.7752404595918025,0.9002240068811667,0.7781695416287835
6,12,0.522212974664775,0.7003489066497001,0.6544359169648919
7,12,0.8443576347401107,0.7906104385161917,0.7848979045795663
8,12,0.4426632337138351,0.5052533757240083,0.5698003050535202
9,12,0.6232558650468757,0.9268280867330159,0.9222371449411082
10,12,0.5012005293004109,0.6522835258150341,0.546850653218874
11,12,0.9768601806741586,0.5133340647202831,0.6121165655715417
12,12,0.38361457318333564,0.4267278928959111,0.5020234658634811
13,12,0.07306343962126259,0.012568005830526557,0.15309279033772616
14,12,0.3409320815460638,0.3621998372735362,0.3826433750846593
15,12,0.14711390320259482,0.08361846381538113,0.11414034761182944
16,12,0.1737509381713928,0.12157218844878966,0.23042736389502314
17,12,0.35330080417241005,0.38167036761087275,0.44933277602586524
18,12,0.3810568153457501,0.42307787936419017,0.4431241467661133
19,12,0.13868918584685128,0.071375914552043,0.09071111825329017
20,12,0.4273978924304997,0.48456880730966934,0.5476261993575872
21,12,0.12389010605909583,0.04961823880634018,0.012434268744871914
22,12,0.4148153838117735,0.46887072851541445,0.4059416414721885
23,12,0.4572132201588378,0.5434932063684543,0.5045546647169904
24,12,0.36703249255937576,0.4025611069152623,0.49119723343543736
25,12,0.1486964418991387,0.08590596056398969,0.1099747125646312
26,12,0.4534421824144153,0.5336847341966108,0.5144963524914453
27,12,0.945373715645675,0.5874587147107012,0.5729827624569099
28,12,0.765561609946764,0.9135085584044464,0.9339465490777418
29,12,0.10012803247854185,0.017979831321495766,0.03889496711806245
30,12,0.15474366467664283,0.09461032906878672,0.23879112747121803
31,12,0.718084938963436,0.9674255498465905,0.851810390371679
32,12,0.5073390039719421,0.6665981514270632,0.7008921874497465
33,12,0.17921809983455309,0.129209680612492,0.18143168105259289
34,12,0.3227165710558243,0.33484225611130275,0.3460469276035855
35,12,0.7516239551016984,0.9312499766855756,0.8305327034704441
36,12,0.6770295426586916,0.9997713615508683,1.0
37,12,0.9620670660547579,0.5494942860755285,0.5693502847014013
38,12,0.8427773976947189,0.7936130293576817,0.8367729706409057
39,12,0.6289030549469845,0.9381597588184378,0.8848415232849353
40,12,0.4384500978914189,0.49771386351380253,0.44329483127356245
41,12,1.0,0.4519789945121213,0.4235577160532395
42,12,0.07045706677440738,0.01205950178568664,0.03049124557521856
43,12,0.7365431001365613,0.9486378168038035,0.8687173535274497
44,12,0.2949802280919924,0.29876819206710387,0.381161642160227
45,12,0.19767329298228511,0.15457458083274656,0.08878087227002161
46,12,0.3317479783365103,0.34735588859896066,0.3559996380341784
47,12,0.6587756799947694,0.9938011586803195,0.8939753752612711
48,12,0.5137663887312562,0.6813467842239802,0.6996732338984598
49,12,0.30577305891957646,0.3131944876337608,0.31688659001604524
50,12,0.6921483481130761,0.989337031429148,0.8744203441420324
51,12,0.653494078544343,0.9844991887649194,0.9347610336287495
52,12,0.26137623566843976,0.2508063856462567,0.23870401984531456
53,12,0.2585179953307466,0.24652118065649303,0.2887459544318071
54,12,0.6766684894513866,1.0,0.9849851394786391
55,12,0.7216259439484155,0.9640306381097015,0.877758572032912
56,12,0.0,0.0,0.0021484015329485246
57,12,0.9565053418878452,0.5624762296927324,0.43338410126034793
58,12,0.611785471415451,0.903037215098835,0.857292533137604
59,12,0.7472981017630911,0.9364279994037952,0.8022633875151957
60,12,0.8435929248274134,0.792066508513779,0.6711868819954276
61,12,0.008185465454588405,0.0011798976294165175,0.1657932638823788
62,12,0.09000575733818401,0.015933185584819178,0.11019234380505018
63,12,0.3514450215465045,0.37878791440949444,0.4338058103075877
64,12,0.039271065560541815,0.006252664006013897,0.12313258875663363
65,12,0.5954705698343288,0.8674459548772375,0.7907431172579826
66,12,0.6780423892549781,0.9991249002818811,0.9029558751021856
67,12,0.4925869612462311,0.6318270848567386,0.6300457932534941
68,12,0.9182399934571212,0.6428100194825372,0.5892361993695173
69,12,0.24001277654793182,0.21802758228646074,0.35540493859405126
70,12,0.23256236012417028,0.20619687123777966,0.1771144253927602
71,12,0.6324823781694473,0.945210203542602,0.9308590260929919
72,12,0.23833250554562688,0.21537715124168585,0.19415817471577781
73,12,0.9340978841419337,0.6114115978782514,0.7337407071226624
74,12,0.27077121436044616,0.26466844952111895,0.24520533967059333
75,12,0.11771210816763421,0.04044593867628859,0.12270210395523413
76,12,0.24765808680947077,0.22995537207169867,0.23289009261536675
77,12,0.684723671065161,0.9946722149401999,0.8113719317727578
78,12,0.94085286091926,0.5972252986986286,0.5477538840885823
79,12,0.4375678436728277,0.49668706922393197,0.44969117496958233
80,12,0.029146248604499506,0.004507646787943683,0.0730095246257575
81,12,0.009730566592823175,0.0014106337879863523,0.0
82,12,0.24004112681086323,0.21807221249129552,0.3067981154005171
83,12,0.45497561050612695,0.537681942253364,0.5325313488685878
84,12,0.876349577746062,0.7244981260367309,0.5509660115081529
85,12,0.4299827656064077,0.48769776350262767,0.39761812053016643
86,12,0.31970451219106877,0.3310846641232524,0.4112875923407473
87,12,0.2631193303341293,0.25340424074340046,0.23366270254791266
88,12,0.5328085334583481,0.7235618536476947,0.6719393917811382
89,12,0.8581380639208617,0.7633842586433278,0.7167962882613801
90,12,0.5902302883631737,0.8555862598940677,0.8004070625804304
91,12,0.3629536723837921,0.39643720737098215,0.466233355068279
92,12,0.5363399633265016,0.7311413803263596,0.6408702153481244
93,12,0.7204838484921327,0.9651363737129225,0.8149367343887471
94,12,0.010771300390480949,0.0015674382950472796,0.10276868181145846
95,12,0.758607860133781,0.9225631567977928,0.8963703275599822
96,12,0.5490725940414196,0.7578022532926555,0.691080488756052
97,12,0.49805818400677077,0.6448703828620839,0.6011896724239496
98,12,0.683060316725851,0.9958114241718866,0.911095828498353
99,12,0.31255566526617407,0.32200858140152583,0.35458240881545483
0,13,0.24813586929871953,0.18918404843006817,0.3003866643027801
1,13,0.5821324301688007,0.8283520369845516,0.7901575449450433
2,13,0.8358691078124593,0.7894364531190616,0.6854210994007641
3,13,0.24398012321751356,0.18298808879769168,0.2814853665946579
4,13,0.2601752493117691,0.20672178168796418,0.20833415507488404
5,13,0.12497708281613572,0.0236131333350214,0.06507599556735744
6,13,0.7903748704734118,0.8667427787736097,0.7563682265774381
7,13,0.445468136665303,0.4806521129551172,0.36335288715044384
8,13,0.9280277351173554,0.6019114440287396,0.5137773623280952
9,13,0.6789500008931971,0.9964631156421594,1.0
10,13,0.49195717981457526,0.6075931943084273,0.6399497561673619
11,13,0.1335511142309631,0.035405525820797576,0.13692964471929128
12,13,0.46486502999437346,0.5349888221479349,0.5233643993184085
13,13,0.6628090994859102,1.0,0.9625949475042903
14,13,0.7281297428303164,0.9494130480421971,0.9140093729370773
15,13,0.5474758117550605,0.7432221016626736,0.8446914804000938
16,13,0.2895059123804711,0.2468274668351078,0.30489040859359356
17,13,0.8030685345047422,0.8469949104952141,0.758428586109983
18,13,0.4519396258448493,0.49899077115812257,0.511478781309035
19,13,0.9575435825659133,0.5373835518774851,0.5764527652895186
20,13,0.2206717445462134,0.14690838124187075,0.28949485223643
21,13,0.5927527504968252,0.8536379611874011,0.7873700448095704
22,13,0.9623025145562809,0.5262391327799717,0.44879561735663037
23,13,0.49902288694414343,0.6258657804029013,0.606129640649049
24,13,0.11155683251763047,0.004895737096990411,0.20392645515233213
25,13,0.2168560085373862,0.1419718761171058,0.26426925833673875
26,13,0.02765258732955515,0.020445666745104413,0.0772475166106356
27,13,0.923515948548378,0.6110815727154838,0.5748815506508043
28,13,0.18178844339870656,0.099033982394944,0.10029233591601706
29,13,0.8305876728748504,0.7993492025913547,0.9050484838139684
30,13,0.9866605078990123,0.4659556107171689,0.5316500209802607
31,13,0.578030575693537,0.8183793689908878,0.6300197104808589
32,13,1.0,0.4306311452907483,0.3979347333659645
33,13,0.14125510159686236,0.04588507050966602,0.18277300552671835
34,13,0.55570237887732,0.7621254690224695,0.7842674676580764
35,13,0.5906046104961585,0.8485862326385863,0.8220087607055339
36,13,0.1067288204361025,0.0001068722779136651,0.05151468150183779
37,13,0.3991111742223583,0.41117286940725795,0.3306788966608568
38,13,0.7632813228780785,0.9056471351320134,0.7534285527070279
39,13,0.25342467511437294,0.19696405628776198,0.22757548666547026
40,13,0.7939013911559997,0.8613958721425913,0.7599470167824853
41,13,0.7386715220937553,0.9372091391359272,0.94266419075837
42,13,0.5314168195833491,0.7059147482636027,0.6750867351342751
43,13,0.9718077671331931,0.5033611174914526,0.5243389836221756
44,13,0.7544100570841183,0.9175284051401849,0.8454596492700459
45,13,0.7986756853170849,0.8539864762377286,0.7725510059263748
46,13,0.5864073921243315,0.8386236047224213,0.7438900565149572
47,13,0.4728393119465393,0.5567677692261421,0.43054323717743515
48,13,0.04764425083444482,0.014698712151126128,0.06434310198251884
49,13,0.2733572342056109,0.22521134238759855,0.3115519003007875
50,13,0.5236025597807574,0.6871798552296586,0.6578100745225612
51,13,0.5950360806110908,0.8589724089635714,0.8477956973940979
52,13,0.3644790980815594,0.35556282152957813,0.21239808902977017
53,13,0.8600733638811988,0.7407787545394856,0.7091153639890763
54,13,0.029150481196072796,0.019997201881582407,0.09691566415417263
55,13,0.6277259606038256,0.9312691126338657,0.9282854112191454
56,13,0.6037524313968732,0.8789995778743882,0.9070922269443622
57,13,0.08007244310443763,0.006324925620738056,0.16416922596766687
58,13,0.28012130640793365,0.23440543705989875,0.33848652498170495
59,13,0.4496311404999959,0.4924728334879096,0.5071040722045511
60,13,0.4199711430161682,0.44195951266011485,0.35040157209136513
61,13,0.1725665350148085,0.08725319049370717,0.09713019501054697
62,13,0.40049309515281967,0.41327696551064697,0.49459127809311765
63,13,0.8197024456011789,0.8189944511390479,0.8392801683061241
64,13,0.8202315181100273,0.8180639206839427,0.8837726454153709
65,13,0.8932137625063067,0.6679416802520775,0.6962590490993971
66,13,0.7696065369940006,0.8968223292128161,0.8918904029871034
67,13,0.03475190833153642,0.018346680910082402,0.10290216041389816
68,13,0.44486367124798565,0.4789286787739207,0.5656044324898943
69,13,0.1521655520907494,0.06052934123980704,0.11177183391545062
70,13,0.7660796593220859,0.9017795007133609,0.8724702891473246
71,13,0.061853855092861294,0.010900179056507463,0.02162518694761246
72,13,0.23326899274039642,0.1666860287584498,0.37690233051765437
73,13,0.3268470751003813,0.29231617780491326,0.28428834366550587
74,13,0.906150484957974,0.6446710023679606,0.4686378233232762
75,13,0.7447879829754864,0.9297706260149659,0.7227046092427661
76,13,0.021939364000398424,0.022184577260922583,0.034667096423719436
77,13,0.0,0.02931050449397194,0.10059972595227837
78,13,0.3744449703188377,0.3721226273623998,0.3948844491455233
79,13,0.8342126052491904,0.7925724785730569,0.7034347049514885
80,13,0.448138950812792,0.488245622048667,0.368071200373634
81,13,0.8467866571065275,0.7681487667658287,0.7451186469220266
82,13,0.10720471081851307,0.0,0.032369106639716476
83,13,0.0444604862790758,0.01558082605795872,0.054673315140596875
84,13,0.897228064035696,0.6608803164416236,0.7002328833178354
85,13,0.20910509424988316,0.13274721281415605,0.18998597276276136
86,13,0.6850295471361683,0.9914976336021974,0.9293260892464391
87,13,0.7960594079346667,0.8580711254161798,0.7243442556148413
88,13,0.8480413223695533,0.7656331595605518,0.6833971699281649
89,13,0.4084011622026044,0.42514286488378517,0.4493588386735054
90,13,0.9796146335745222,0.4839525296493608,0.5237587324744355
91,13,0.605716547741198,0.8834381947204654,0.9581659608417885
92,13,0.5882142189312761,0.8429272321478124,0.9323161166522849
93,13,0.4444689386431858,0.4778022657044421,0.4913257315357803
94,13,0.4352686704373009,0.46317906408327586,0.418486369779247
95,13,0.14138724491256788,0.04606383529184242,0.0
96,13,0.0638571673546135,0.010381768603911419,0.12175667264479666
97,13,0.906821108779447,0.6434239700714195,0.5136295377282284
98,13,0.03677295773828821,0.01776119365163525,0.1440788706841725
99,13,0.02614102933521918,0.0209013244313577,0.17337274654884122
0,14,0.22399086087435063,0.46365874571462695,0.3493548132731524
1,14,0.420161900532553,0.6617674538100616,0.7122259604162074
2,14,0.450452697260804,0.6929754133700982,0.7901696366670758
3,14,0.6492228588413627,0.9906953695353075,0.9235321432502349
4,14,0.48664638859843046,0.7632621127254912,0.8328909968805172
5,14,0.44104423117743324,0.6766745141278077,0.65333582221694
6,14,0.2296243436738841,0.4707113980879056,0.4185971262750281
7,14,0.3969265318452674,0.6417916444111366,0.5535574892280513
8,14,0.4388582160781557,0.6752524528024765,0.6918317915474825
9,14,0.07863668673104889,0.36736486952156366,0.3944032497901582
10,14,0.8034963257105098,0.667443593534944,0.6488432160601203
11,14,0.010253115612644472,0.3915894239153626,0.4461544234570042
12,14,0.09772430433586461,0.36093915277148403,0.39071702080818405
13,14,0.412095801616826,0.6552305440760383,0.5988700689742408
14,14,0.7463747980274515,0.8272551029794102,0.7833253206984895
15,14,0.8474434646883635,0.5311995577512599,0.5784270809722833
16,14,0.7009816970404636,0.9391841695802051,0.8394355868349872
17,14,0.5507208291262105,0.8649851480949587,0.8952635299301371
18,14,0.5228335852135654,0.8244774997527615,0.7922067844932632
19,14,0.7451210831098144,0.8305667191941187,0.6889072531042618
20,14,0.5634148972084627,0.8839004023872294,0.8563077761781979
21,14,0.5425989560490937,0.8538111387983875,0.7561113213015938
22,14,0.36978871243055944,0.6141305211701497,0.5554142077485398
23,14,0.428906886535699,0.6683676478819435,0.7656488183539746
24,14,0.26742802727449777,0.5134161767422109,0.41482812984372264
25,14,0.5285198411092458,0.8332224979506636,0.7223669193687853
26,14,0.0014931081300076428,0.3949720156612255,0.34516481467034743
27,14,0.29201867825266326,0.5367461347906767,0.6361387120168125
28,14,0.5618131601746494,0.8813079103667306,0.9286126050615378
29,14,0.9576887055449852,0.1581364671948126,0.22005030021128894
30,14,0.21950394111379518,0.45791637931574236,0.33650345114814434
31,14,0.1326531726615506,0.3871790249360037,0.4310702875550309
32,14,0.16986239208599793,0.41955235513540146,0.4523731136522123
33,14,1.0,0.0,0.11452451841436975
34,14,0.31321700994712953,0.5539423474433628,0.4907331990257084
35,14,0.5571463955757278,0.8736355931876013,0.7961919940399579
36,14,0.8658549689063839,0.4685183251101917,0.4859322189688337
37,14,0.9741587114469247,0.09862584325980271,0.2544492112944729
38,14,0.8527972280370101,0.5133185505066472,0.5799565199249831
39,14,0.41683690302373994,0.6591246573593291,0.7536850461587294
40,14,0.6755721018479642,0.9949211549606354,0.8298177314155871
41,14,0.2995959603155928,0.5432069929983544,0.5665560605520185
42,14,0.12701716747132952,0.38194460068763275,0.4775892109058463
43,14,0.9271902968300427,0.261480024528874,0.3595230343490737
44,14,0.3487644532294026,0.58963368111674,0.5765369030821628
45,14,0.0,0.39555754921187886,0.5779132483929048
46,14,0.3644756644685602,0.6081875077268603,0.4624795783659398
47,14,0.7525620995997921,0.8107238580755447,0.6483763491242873
48,14,0.18739302952684134,0.4333792920608089,0.4043056881008652
49,14,0.11608996886181462,0.3715665135077661,0.40975075409414635
50,14,0.13495181056219144,0.3892900978240774,0.42151799824591935
51,14,0.39392109864880787,0.6389543100689653,0.7003989927182589
52,14,0.07349013773426868,0.36910512513229266,0.42946781354044405
53,14,0.8484927656967538,0.5277172322164936,0.527988830588159
54,14,0.18635020150109394,0.43258407891910355,0.4971631990011176
55,14,0.23221517142172318,0.473895853379291,0.48068170994165266
56,14,0.14591750416482,0.3991661259200682,0.4272631874351345
57,14,0.22195164922266775,0.46106266474313806,0.5537125139718506
58,14,0.7711107522762823,0.7592704164214445,0.7007526061992054
59,14,0.30663080471386767,0.5488933231849644,0.5912165408216319
60,14,0.34684643810369387,0.5872698550517312,0.5715117910248728
61,14,0.13135467535671932,0.3859803541566618,0.5040023207220837
62,14,0.1300919115443961,0.3848104559571547,0.2955070274378926
63,14,0.8175864681644759,0.6257875782837019,0.6799885069240273
64,14,0.5055366353292698,0.7963964487929095,0.855669714204797
65,14,0.8803437586521995,0.4168174713235193,0.42686815231767417
66,14,0.8599459961366566,0.48900117676675775,0.55750183558155
67,14,0.6588926099617549,0.9985727733794599,0.8761033966686133
68,14,0.30832269916571037,0.5502157822085684,0.4734605508726219
69,14,0.5664095678274675,0.8886911751872986,0.8509534172852312
70,14,0.2936210400051163,0.5381413124018216,0.36913936235767564
71,14,0.584498865950014,0.9160511550229459,0.8401962756912607
72,14,0.8058187680491093,0.6607076522252545,0.6477804403788446
73,14,0.28882845487950426,0.5339224488675159,0.44377718646919834
74,14,0.3345458883207918,0.5716094439844062,0.45899085999594613
75,14,0.13817790781856165,0.3922293332098159,0.46662866346304366
76,14,0.18391345471031684,0.4307122392780949,0.4573493793438366
77,14,0.844928521962736,0.5395018986489388,0.5805950236450713
78,14,0.21758623229001633,0.45542843577754927,0.3969882947857605
79,14,0.7566503218707519,0.7996286030147793,0.6890517747671656
80,14,0.20012221527227414,0.442797577412421,0.5354183948092694
81,14,0.700585473569348,0.9400905280403452,0.9307300622854261
82,14,0.7175982859107027,0.9000889577718022,0.8244041154324735
83,14,0.3207660089597307,0.5593999433110558,0.5618923945503383
84,14,0.4897440440362725,0.7688676554762931,0.7288304935965669
85,14,0.9873380821191229,0.04912872444094811,0.0
86,14,0.3135066517778267,0.5541582566975034,0.48952019455643175
87,14,0.8578184874952456,0.4962910320382638,0.6367821723691898
88,14,0.7985771078950029,0.681542439445051,0.8197067455136811
89,14,0.10277321237266972,0.3592391307787065,0.4441067857391868
90,14,0.35810537702742357,0.6008397946907091,0.554423453739936
91,14,0.049849990043827945,0.37721269912332156,0.34142416166704087
92,14,0.13766049352954543,0.3917597974755748,0.42639190185744025
93,14,0.2155187245909637,0.45345292649005553,0.46757682938427014
94,14,0.8408581021722745,0.5528078098844218,0.5043592329302253
95,14,0.660770432531816,1.0,1.0
96,14,0.6509617673003408,0.9921768558598707,0.8511029144424834
97,14,0.8732085957993335,0.4425412531853066,0.47402962279257943
98,14,0.11879797178555516,0.3741660681950108,0.28791124225199605
99,14,0.835216103329646,0.5709834110060865,0.5902594381737382
