task,x,f,y
0,0.05141672055968183,0.37499688901178024,0.3540311064283472
0,0.4317070541968506,0.398578562337216,0.22525868047144826
0,0.7077126929983011,0.47022966847218156,0.5278850914516471
0,0.9261740017230929,0.09808416745084586,0.10546276891528988
0,0.8990547238010203,0.2637509715931508,0.10349523107979003
0,0.32580342682838614,0.31227891924998497,0.3670391186341163
0,0.1817535202104753,0.3177969410472248,0.12096479046037711
0,0.778992361332042,0.435687522721882,0.41373206869119855
0,0.6394152095785097,0.4851374233988034,0.4602038902625185
0,0.551965956376099,0.49775001860403134,0.5975815322335016
0,0.5666365990093157,0.4986222815418629,0.49283952867514685
0,0.7608298117838729,0.44726299287282456,0.3487728535101768
0,0.6257876511335576,0.4870359947337597,0.4835883277359794
0,0.2855216530934329,0.3154836936368656,0.35354231957707294
0,0.23870121670285593,0.3254833304859064,0.3729338275662023
0,0.42202483987194395,0.3880148398696694,0.3324644261572224
0,0.08590560466603359,0.33558703896577613,0.29629364031695005
0,0.7388421984526157,0.45858322094884213,0.4024533828307522
0,0.29650629513869764,0.3141294938024587,0.28893212567602217
0,0.3522855761453757,0.3253290265999222,0.38193966257106626
0,0.553078385601179,0.49894809584619204,0.39357130929806183
0,0.23766262516899972,0.32578548210744607,0.28989226479675306
0,0.1632252601131926,0.31365092367270164,0.3789801031139187
0,0.37347829830225054,0.34194800207738785,0.3350112803728402
0,0.869948251860614,0.357451229560453,0.4694446547233766
0,0.4995241204420494,0.44858147889777417,0.6327461548433999
0,0.32862961845937366,0.3122332350886971,0.34271131996055537
0,0.585171775716137,0.49424154410317644,0.41233838797538713
0,0.04435064501955954,0.3834488496473865,0.4710382677529623
0,0.9441585886609483,-0.027841957424493476,-0.04512259097026326
0,0.8952521258548634,0.2849767326120833,0.409960754121934
0,0.881406476674362,0.3357364999198131,0.243505810229245
0,0.35511471928007954,0.3274278972920823,0.3143588632945508
0,0.5574108568059941,0.5011114751049982,0.6315661280288544
0,0.6492072404209912,0.4838575524409562,0.5443267773589578
0,0.7815633345963735,0.43503772891976467,0.41183336737982507
0,0.005337325101022028,0.4324318138900048,0.45059032026688256
0,0.712399595453859,0.4687125264733056,0.5151048197471555
0,0.03389200119684277,0.3961949574933658,0.3757432772534991
0,0.8280170845646445,0.4104469004660091,0.556729265796974
0,0.7110707536410914,0.46914948169517,0.5197644168050369
0,0.4934216238076634,0.44382102265738005,0.24513256644124207
0,0.010197652673047619,0.42611531384782014,0.48222364319323086
0,0.5768948918082687,0.4960996151675137,0.5304111932203084
0,0.14225035190959134,0.3104213734243282,0.3070361208954503
0,0.1129647574122713,0.30870773526129114,0.30255208539131767
0,0.1930380803646513,0.3208836369669813,0.24976321404683333
0,0.7462691506909429,0.4551146414371147,0.7771714841063123
0,0.21732170990873767,0.32887870288614274,0.31686753962153713
0,0.11669526418675502,0.30873643688542773,0.3430322821604759
0,0.7043511423739628,0.4712788023249298,0.652303848300388
0,0.8438739273153483,0.3946898140457889,0.4557685159276338
0,0.48252545168936634,0.43583482378673954,0.3984789894634765
0,0.08970775917726714,0.33142927661128957,0.33120023921606295
0,0.8199254472241023,0.41682016309579367,0.4644922960623207
0,0.29937405924462657,0.31383599025380665,0.3756512586797109
0,0.20145149881784752,0.32344951875585626,0.299967906819811
0,0.5863623271393632,0.49398668050660327,0.28385613124447184
0,0.4824322980078882,0.435769405053624,0.38701977330016474
0,0.8607447398502348,0.3723953970482578,0.142121049839059
0,0.7967192226466641,0.4299053731581469,0.5233902941100115
0,0.8227500889972253,0.41471323863710574,0.551429852988992
0,0.7141070102663545,0.4681427445029624,0.3500852184682848
0,0.7581310274422407,0.4488346998279128,0.4197434195513794
0,0.577968613363707,0.4958498755892229,0.3019211806513321
0,0.9809513361664799,-0.33588119398470045,-0.2730106455462361
0,0.5636439195141311,0.49940628115383284,0.47715104779516404
0,0.11292022754383424,0.3087077364025494,0.3310184897771014
0,0.31371379448028713,0.3127361993176195,0.31790105666341584
0,0.5822841182296553,0.49487247928609057,0.544789205991848
0,0.6942569374096739,0.4742634875166645,0.3931386880556024
0,0.4695201783906964,0.4271741490871834,0.38723954310978664
0,0.46537082488385684,0.4246123453207956,0.47611013330904584
0,0.15673675724896263,0.3124812761647958,0.30378916903387165
0,0.9165715047994182,0.1598046757253598,0.21582033728174427
0,0.7216555153655542,0.4655014029544665,0.45014370238764345
0,0.559510742621486,0.5005259564254319,0.523284818999826
0,0.1833372964074661,0.31820510095675547,0.4484355465366271
0,0.7069626465670514,0.47046644598045134,0.4561551390523846
0,0.5846197333252071,0.49436075703469073,0.5558257273395012
0,0.46437851769067884,0.4240142157455394,0.4198056584708938
0,0.3337883776080295,0.3125042097767411,0.39141795013933006
0,0.5594476915011447,0.5005433725768397,0.3188070714230272
0,0.09401192224519195,0.32676725324016953,0.2686614795602501
0,0.7904455261733655,0.43231497400548885,0.4692954329268882
0,0.5109192806813819,0.4580176012825075,0.41462628112850325
0,0.19013837707562342,0.32005113969588156,0.4407558128587983
0,0.6465382414781077,0.4842018697157056,0.6298734119398284
0,0.9331229456475576,0.05110240403999001,-0.10316624144647343
0,0.19811834436389164,0.32240648808973366,0.4002129704599955
0,0.9072867263520072,0.21621257105693736,0.3167988751294985
0,0.4064872430019192,0.3720328014077273,0.4233480341757694
0,0.5132636081558295,0.4600465148017238,0.5374581334374068
0,0.6053220019085818,0.49031317352860576,0.6203420895423529
0,0.7976267824649641,0.42952088784862813,0.5208769176067334
0,0.20072753382389474,0.32322004245334063,0.3689016803297546
0,0.2876976722630826,0.31518629084616656,0.43042516803843356
0,0.8284199206664841,0.4101018932477146,0.48425193005365846
0,0.9050336972592351,0.22944619337285674,0.44565201766637436
0,0.7314416785851646,0.4617348468178767,0.5135258811033762
1,0.5444485459692614,0.23330669772112309,0.3544744699580379
1,0.7121177372599523,-0.08523139819554881,0.09406741998572038
1,0.057692729882070526,0.4451376158678461,0.5830500835426038
1,0.45044006673924775,0.29728819214600527,0.5022799079015903
1,0.7729359673306244,-0.24821968943275818,-0.14901855553262255
1,0.8321517429124419,-0.4116623820511489,-0.5046658616013613
1,0.06680625460847434,0.43420225263289386,0.40926286468415307
1,0.9439137033277737,-1.0676057493473647,-1.1678952057894871
1,0.14077186701868272,0.37915725417927754,0.12188660109399696
1,0.6560922498651994,0.042476642071586995,0.03786860381849067
1,0.11413842689624476,0.382529870825809,0.5184480736527184
1,0.7467184779481156,-0.17432348849797386,-0.17222635104271436
1,0.5521583678581077,0.228707200987749,0.20765989095891646
1,0.05537007090633572,0.4479475090677132,0.6076735691809099
1,0.8526886297033109,-0.4786497563866827,-0.38603061591230425
1,0.639995613010072,0.07394725176506027,0.06029295912391052
1,0.42878290123304375,0.30151700571514245,0.4183332674815373
1,0.08944300312456588,0.40765345365223565,0.3070289559232046
1,0.03837045828708152,0.4687990711516449,0.4071231372512537
1,0.2758060179902573,0.34427604111008253,0.36616999640179226
1,0.3706988541287052,0.30464889729453604,0.3764327259749859
1,0.8870884217042725,-0.6085883458733578,-0.6072550405868682
1,0.04566152543463253,0.4597941075687498,0.5946000930766246
1,0.5405292011981998,0.23567452521506976,0.30189217466292234
1,0.326371948957364,0.31460225535172104,0.20953771355128492
1,0.2519095177589943,0.35917416340792985,0.25568716339993136
1,0.6375313379165064,0.07868236241199014,0.05435811569678947
1,0.2076232054016277,0.37802616357688523,0.302689518803021
1,0.05507860171392587,0.44830078096139714,0.30286784704369996
1,0.7329096303782385,-0.13775188338580047,-0.24004389766617396
1,0.16875877134881667,0.3775768965514401,0.32987801881839335
1,0.1428327703387423,0.3789765829879639,0.3988861429994366
1,0.41483600315069025,0.3015761698658206,0.1954678625988654
1,0.28207841398457323,0.3404752602603289,0.42225929792442235
1,0.5647760337959113,0.21079298442735586,0.36587251912772134
1,0.5077922044549052,0.25634170662891465,0.378918537654028
1,0.11195554938084196,0.3828971453184218,0.5351512728685299
1,0.4703516924244855,0.28229440541336975,0.29604312413242684
1,0.14436366284278468,0.378849374169648,0.423697166531697
1,0.31349732752497295,0.3219771945054615,0.41719418112212237
1,0.6257617397292772,0.10101987895904516,-0.010487032415701064
1,0.8916877648364739,-0.6372563839022403,-0.5721151726259948
1,0.5799965576876649,0.18418708738943007,0.1649768826886344
1,0.7270534341989817,-0.122668142568096,-0.08890588205369543
1,0.496281634462863,0.26403328985796126,0.2687876599414062
1,0.5909878636500059,0.16468015158598365,0.3118380232296035
1,0.44178352128254084,0.3018633813208666,0.34955644809154945
1,0.6398034458963969,0.07431725504323286,0.2753381630390368
1,0.07494081508490102,0.4245618644208161,0.4381442995036836
1,0.4534194884966144,0.2949871373333049,0.2121739870750589
1,0.27418618167071196,0.3452644138273028,0.24772979239435416
1,0.8834084821322459,-0.5934760878618155,-0.4685059415321649
1,0.18927852411458612,0.3774836481371742,0.47523875801669174
1,0.3475468102028636,0.30799897879337734,0.25241694688684124
1,0.8161130624504238,-0.36386839566522383,-0.3806037849913523
1,0.8634022592372834,-0.516536268223358,-0.33547149511499397
1,0.343487226283117,0.3087100349033996,0.38333349311632975
1,0.0734133035161435,0.4263635333709742,0.5741275299044006
1,0.40745165266819416,0.3017861292969357,0.15812111613413285
1,0.3178549763202153,0.3194701332336426,0.4149573408997923
1,0.1428106686945667,0.37897846300147375,0.5906638684603904
1,0.8730607194162359,-0.5526193520515074,-0.5157593036012311
1,0.24133213093961892,0.3660110114986634,0.40917798928430693
1,0.9294675320707336,-0.9410659534390919,-0.8528516592944253
1,0.7280667898375985,-0.12526109541711616,-0.1278823971708471
1,0.3681901123603525,0.304954130292409,0.11076612030100813
1,0.3396915005979946,0.30940843380512895,0.19872593271585376
1,0.06509149872216735,0.4362488816589165,0.36946535691122623
1,0.4188399001748452,0.3015138940596462,0.3225850629647009
1,0.555940377087266,0.22604267165915654,0.17302319825290988
1,0.38544348041862975,0.30313823353337616,0.2736191629044858
1,0.1799981263498185,0.37742592776935074,0.3601537594212134
1,0.4980904237738599,0.2628086037557821,0.3266539624242274
1,0.44294632898413666,0.30191342486963635,0.4826756425255043
1,0.8997244423463885,-0.6989615636172161,-0.5980715503668765
1,0.34829979453770554,0.30787116068584036,0.37515338480337657
1,0.0011348928981256279,0.5162531358965515,0.5933189778950914
1,0.1992225137757787,0.3777117540895007,0.5310119235195124
1,0.5047744499656536,0.2583351429748736,0.3159672226579019
1,0.7578246527770315,-0.20486038638261855,-0.2868384724363723
1,0.9135377645600763,-0.8085507307242706,-0.9387558811354303
1,0.23536879474722894,0.36993962218345244,0.5298873353169478
1,0.6488544990936125,0.056747106540724006,0.12443459493300152
1,0.5880114944087237,0.16998852320606314,0.3023946920748256
1,0.6900758916181803,-0.03235666994926332,-0.0012753511345815031
1,0.696340360283749,-0.04712357575974241,0.00332515022564063
1,0.41660698682984887,0.3015441414550848,0.4275773228947548
1,0.7524088711343683,-0.18983701048917437,-0.3156838179268777
1,0.4443327533431316,0.30197720746274975,0.4200839908974483
1,0.09956740889362736,0.3960579299763382,0.5193532710193869
1,0.8836398644153498,-0.5944170481600228,-0.5951098921998701
1,0.5299611079301412,0.24216583574882133,0.2789107427870199
1,0.7915164618103945,-0.2970340337626485,-0.23181541948334702
1,0.9388145891629369,-1.02220456568986,-0.9974914643350238
1,0.24710839277290664,0.3622573078601941,0.5165837309691951
1,0.3270694884802857,0.31420530369956273,0.4468841880357997
1,0.8113422793739029,-0.35033094393076514,-0.2891993303163854
1,0.40947167117391103,0.3017164681283985,0.23342622350876424
1,0.27902544233764415,0.3423200665952609,0.2502789218843555
1,0.8192430687387405,-0.3729128499752338,-0.2790144001008487
2,0.8399002942480124,1.5466280175192182,1.4176552543065493
2,0.5823156554607759,0.9278962023324354,1.057129480219301
2,0.07885082132770582,0.38561245675542766,0.2563977302310153
2,0.482094972608771,0.6176354926150027,0.7498922504838071
2,0.19630402280161352,0.4089123632052616,0.5682972333279626
2,0.12765004190467033,0.4018051282720639,0.14203316344107414
2,0.6680594706358018,1.211333109778881,0.9944896787505644
2,0.881405647679915,1.4861881192408557,1.4299511583386
2,0.6556261324131902,1.1691539190572975,1.2365290037762189
2,0.6522222635994751,1.1575312015902783,1.2799158574462488
2,0.5515009159519704,0.832835101572427,0.7275721155659997
2,0.7009871981601531,1.3126562977533658,1.4111611758305729
2,0.33762490299209524,0.3702484051504714,0.27844886760550325
2,0.40688509865951283,0.4521040667968832,0.35045856610178683
2,0.4734502206991159,0.5930820122390681,0.6283534321053348
2,0.36516209279394074,0.3976761288927965,0.2367841195085822
2,0.5061410311589438,0.6886077003470852,0.8897724007211258
2,0.38176276168672185,0.41746532831896105,0.3210940700673791
2,0.45577822246031774,0.5444854277313276,0.5270771245727912
2,0.7786958248594847,1.523928652306733,1.4939940386131405
2,0.00788366216185854,0.35264892959292177,0.39756953687811986
2,0.6256269973463215,1.0678365656081006,1.0292396930895096
2,0.5768065839964323,0.9107752087891795,0.9464975757126616
2,0.23521417374543407,0.40683942360982545,0.46783773871837153
2,0.6856960888336731,1.2659250317630597,1.348414335302957
2,0.9783066099979566,0.930459035347316,0.9406168430965073
2,0.6842047419991952,1.2613308214889047,1.30313960373041
2,0.13024084419677917,0.4018322961681225,0.32440229354499867
2,0.17441493186059376,0.4051286620421787,0.218142056877285
2,0.35133561887057285,0.38306632527347406,0.46434001890091986
2,0.42956926451944655,0.48824674465120194,0.5530234263261229
2,0.11788894267026295,0.40185714152644647,0.45172599710764627
2,0.7766317409959258,1.5202497390660699,1.6339630724749676
2,0.11583392636459822,0.4018986380397678,0.40021465422377517
2,0.37833005250835927,0.4131714610192896,0.47199458303399994
2,0.9912852664782179,0.7847902365823269,0.7972485975542533
2,0.9047128785537675,1.418006977830418,1.4085668443428172
2,0.4364153754783947,0.5000604399647973,0.5953984267848303
2,0.39600500430597263,0.4364076121824152,0.520181552619112
2,0.045430016259498496,0.3696322099284831,0.6260314628955246
2,0.14193672374589916,0.4021752369018247,0.27138443960319475
2,0.46587281480591125,0.5719817747505688,0.6501683388074294
2,0.5707348536142974,0.8921020025659739,0.8276908905669061
2,0.19884547853430712,0.4094514269704747,0.316995581387119
2,0.1862707848759294,0.4069896036748868,0.4011462194519494
2,0.47011586379085746,0.5837484756925193,0.45981239698452087
2,0.9233613293925884,1.3394748609056406,1.2331521804715186
2,0.5924884287563389,0.9599418090553431,1.1387741816447075
2,0.21772708355714787,0.4141379738131928,0.5517871815355027
2,0.5312233785780375,0.766740315620936,0.9454094201509189
2,0.5643539750734828,0.8727053387498526,0.8806609646691699
2,0.4462208500618843,0.519098218019211,0.6383996063751324
2,0.03113516543530992,0.36305979345036943,0.3709090911930709
2,0.902822560038028,1.4245996298285462,1.5616475145730846
2,0.612305474500383,1.0238668901241021,0.9537854503935128
2,0.5381810965815789,0.789131898534389,0.701893464640154
2,0.6632452835306144,1.195253542325268,1.2440224459970237
2,0.1647310234271533,0.4039274629130174,0.46238090236098767
2,0.7828083451950141,1.5284175690458097,1.353030270581236
2,0.19442904741510558,0.4085282666956807,0.4730933825546828
2,0.2532633406516882,0.3961593559521634,0.5513369406697447
2,0.9236844531872039,1.3378848750939003,1.2154085510387538
2,0.6980259394289211,1.3036685163897226,1.1815415767253505
2,0.4254768907867572,0.48138521419861974,0.5417185014074051
2,0.8402592968551533,1.5464211983978962,1.5624008952177595
2,0.7398299264505057,1.4260183102785304,1.523395951313664
2,0.7382611795449777,1.4216562865936686,1.3259476344089918
2,0.10578275371326784,0.3992437708606906,0.2598355142479053
2,0.21487136606625834,0.4133504860403565,0.3162952383739736
2,0.8244211022712967,1.5511902704718896,1.4563529775745248
2,0.2464277585067911,0.40003127550435635,0.35042712098891515
2,0.8212254165143357,1.5511361434290198,1.592658555450573
2,0.24332978938765026,0.40185548572397495,0.3986791213511106
2,0.6502920870714971,1.1509522738467153,1.0919529745740801
2,0.3736528039898086,0.4074903616559136,0.47552236747708887
2,0.1719691030848186,0.40479866195342057,0.36764161902464865
2,0.4792792371510096,0.6095818250309498,0.4749247930985344
2,0.4502770635326061,0.5297960468468621,0.43013506534761353
2,0.36509087532664974,0.39759652619828445,0.4811819677994451
2,0.2174157292154676,0.41405072610839777,0.29371605282094077
2,0.39226914633818544,0.4312629827641267,0.47790246966118743
2,0.2140216650020791,0.41312167510997916,0.3040816000337295
2,0.41020884018302173,0.45711106399874646,0.354914796321933
2,0.9356401946307812,1.2730637653923909,1.3302265928053654
2,0.07218367421116967,0.38234847183568,0.4875965760113849
2,0.5319045263713983,0.7689189121018193,0.9473921313235214
2,0.9753936252176171,0.9602092666294504,1.0966620882323919
2,0.6607795816508594,1.1867958519339343,0.9983942961853283
2,0.8995364295597643,1.4355012456114657,1.408124402926202
2,0.886874866293807,1.4718700500383401,1.4483567535688189
2,0.2860809133793595,0.38051128876329954,0.39769045380596973
2,0.9325826959238125,1.2907801391939806,1.2001209625935243
2,0.6932193351069025,1.2890112796215711,1.37639120383626
2,0.9593756798478547,1.1060859006278574,1.059638241807008
2,0.4051521669219741,0.4495328576732276,0.4395720758047956
2,0.026801188988252123,0.36109427546216516,0.27013079482673624
2,0.5653953400215894,0.8758547645543127,1.0468293674817406
2,0.08059247159085459,0.38647190284195904,0.47181875823371966
2,0.9411667019748947,1.238954885848079,1.0891003653652438
2,0.7363868918003892,1.4164151899033666,1.574331854315619
3,0.6426589542863651,1.1035255582398427,1.1246108794061955
3,0.6511402395735184,1.1258656775592097,0.9231861067896916
3,0.9673412012204775,0.8542999723240733,0.7171799888944996
3,0.3317983960822958,0.5534386651223013,0.6474355121105537
3,0.007700310571634894,0.5537687117067273,0.602812387368712
3,0.973706025294989,0.7932366705868876,0.8502110943995878
3,0.5434146185128778,0.8541092712940378,0.8179688942892879
3,0.10308714581349954,0.6216586877047707,0.8025176996438429
3,0.018375273091129962,0.5612913724612605,0.5941289753377371
3,0.855451755186151,1.3837731496610062,1.3345254645836313
3,0.5727460662141645,0.9260286213439405,0.856988378424675
3,0.8991953096001415,1.2704867488723641,1.3002005001695232
3,0.7291477383248852,1.3125911510870767,1.416363016403893
3,0.9702495192528605,0.8269586766817912,0.8296188538252083
3,0.8919677606178759,1.2940639595077745,1.3388875781038212
3,0.5089670138896838,0.769805794827496,0.8722975794870266
3,0.5652262350398045,0.9080291571213802,0.861073623089976
3,0.8285067503978069,1.412196575077526,1.3798594206708907
3,0.07466881973303952,0.6011985374202359,0.5925342649175415
3,0.48392347701531246,0.7127121597713281,0.6264693539917214
3,0.7895957030220471,1.4104584461861867,1.526057061924351
3,0.3475110913318329,0.5572774037882524,0.49891300316531445
3,0.24278487737168364,0.6100450498190445,0.46839899647351924
3,0.6595885268102826,1.1481704623403084,1.2280900361768747
3,0.3598018906050212,0.5625159694625069,0.3561303429820868
3,0.5726011948315174,0.9256793951104577,0.879912091662075
3,0.3342155226814879,0.5529519017849645,0.5845314404696604
3,0.9442693813894223,1.0401675181337648,1.038771585674576
3,0.06137970153000527,0.5917215046965154,0.5541146311588135
3,0.25217770316484445,0.6026710823682708,0.5311354609239692
3,0.4465307785956666,0.6345594937673409,0.8148354447020704
3,0.1563774798772618,0.6232103252906389,0.4692577232758275
3,0.2221495827340192,0.6273812591494556,0.7418194621852517
3,0.29222006533513,0.5750021477771179,0.5887619412874172
3,0.5153064490239004,0.7848349706268596,0.7138083583603858
3,0.8765524851188106,1.3395879360963683,1.291661644469149
3,0.9590325517502893,0.9274024797338415,0.8273053470719325
3,0.9567922338404876,0.9458868973674416,0.9906847650043933
3,0.8788619521946239,1.333401536640798,1.3295371046551057
3,0.9047277933904698,1.2502066659376918,1.203565467705256
3,0.7179276991366835,1.2881516664757497,1.3549855496342158
3,0.057921033219191065,0.589262330499521,0.8135783215488064
3,0.49960447867624735,0.7480299794199551,0.7283280000701295
3,0.981560203040307,0.7114721088039943,0.6446984754143827
3,0.13775896578361158,0.6243138717056513,0.5652455233349831
3,0.6289803149573584,1.067708838574247,1.2365528360810185
3,0.8517380584927855,1.389421098523708,1.480960726605884
3,0.14222389130424462,0.6239631107685061,0.6990184245617936
3,0.019137732666051455,0.5618289316923204,0.47035552267995245
3,0.5440890461658574,0.8558218638457923,0.7954281629030424
3,0.767482909461722,1.3859529818877097,1.2880636634088427
3,0.9715884825669211,0.8140554915441083,0.8700218868825383
3,0.7531448232969107,1.3606820277712655,1.3661948893608669
3,0.2741629570053341,0.5867334056730631,0.6931077170452933
3,0.10475118548811546,0.6228667856501479,0.43176886772008827
3,0.7825680140769006,1.405875463061048,1.5160583234961793
3,0.9771976072549026,0.7577848337524545,0.7304477105441805
3,0.6188545174925644,1.0414437919190942,1.0183377187167066
3,0.4834813862440933,0.7117377961625313,0.6338843064161971
3,0.2213777515687786,0.6272544933500542,0.5394528410174485
3,0.5798863414813105,0.943357001339058,0.8430757882787707
3,0.6415970807633966,1.1007342959228321,1.1493928338378956
3,0.9302521264557481,1.1288058472295792,1.1549303953486594
3,0.9731967124298299,0.7982905604371333,0.7667910315698019
3,0.2449995473994011,0.6082755702837193,0.6589035273816819
3,0.9774062448399985,0.7556214619399503,0.8344037442243564
3,0.1156944034174433,0.6268188140286962,0.6735965891432683
3,0.7804700994545785,1.404292152015713,1.2561997956448439
3,0.4863953586986698,0.7181819215839165,0.740086678361613
3,0.8059400546424119,1.4164390906216007,1.4939962730613638
3,0.4514245267161524,0.6442906436976106,0.6581283525123937
3,0.07046952303954657,0.5981986257780049,0.751983911822708
3,0.21422491338055494,0.626171516437484,0.6073994968762283
3,0.9002461133844546,1.266787175405441,1.3862965651327812
3,0.5344348698860046,0.8315255219924503,0.8390171280168809
3,0.8444906152249921,1.3987741621873702,1.6345007158879115
3,0.28933577265919885,0.5767949787191254,0.5691546124758414
3,0.6482175794828496,1.1181592172275787,1.1504257859899636
3,0.5255707695283766,0.8096434631531992,0.7862808491737951
3,0.11211676764281353,0.6273429209907352,0.5639314914948349
3,0.9057462060826883,1.2462545373699696,1.2126996460454147
3,0.25600961511175135,0.5997606107298098,0.5634423200913922
3,0.8980220739284852,1.2745345171087632,1.14842305198429
3,0.36238914073859896,0.5637701761628837,0.40751895840794616
3,0.23492370068563317,0.6164806157840566,0.5946146437462186
3,0.049176799572682395,0.5830565080672719,0.47074307319838304
3,0.6775459869449183,1.1934924331200847,1.1706185002814569
3,0.3392214444102999,0.5544166908943247,0.45076219161836506
3,0.5185906214982893,0.7927095684541942,0.5735556988382828
3,0.34680685368012265,0.5570133009495036,0.48969717136588
3,0.3530033997047415,0.5594712800234701,0.5443909167816527
3,0.8853489860094061,1.3144739867262079,1.1943543695640864
3,0.24266069852950445,0.6101448316181727,0.6184999326613699
3,0.035430825328047755,0.573328485415579,0.7552501653899737
3,0.1084263728963678,0.6255395207711119,0.5699136786465637
3,0.7566634432845476,1.367154338547799,1.2657792242535932
3,0.07707186056935655,0.6029175987195488,0.6834133994868192
3,0.3840521804107808,0.5763308801365215,0.6902157576935348
3,0.9037878395968162,1.2537931428612963,1.162471967194912
3,0.7004954570943683,1.2483396277436194,1.4530889557627518
4,0.9961893922100055,-1.9060650925601215,-1.6926464694744299
4,0.07887833805839639,0.303711509145435,0.25155283356721847
4,0.7361993283851708,-0.26493020568287245,-0.3397835309722846
4,0.3004469933920403,0.2150252598527106,0.22559073227561147
4,0.20442052271359024,0.25464545603286415,0.18449660443607607
4,0.336730915876981,0.20094433751079707,0.26175226426953485
4,0.6594552517007587,-0.05056772904270733,-0.09923702992788111
4,0.5163541413850414,0.16479973322898908,0.19856961621318822
4,0.311097801084565,0.2105579369445232,0.30546570197860146
4,0.6923887680314414,-0.13615866673623456,-0.18533172504550272
4,0.6542431509780012,-0.039492870820298925,-0.09465503474249656
4,0.26728519675852136,0.23013594858480385,0.23475596787831587
4,0.2644645680780474,0.23151484938717456,0.23193070033947977
4,0.6771126092231573,-0.09415189371218649,-0.1800220659869102
4,0.7214784674342852,-0.22007854401794855,-0.14558987374125076
4,0.009348417615682947,0.3833925162166359,0.3441723781728486
4,0.9532670814089598,-1.4294396238799185,-1.5026105873487727
4,0.6130833884699537,0.04419632957330668,0.03961974484433356
4,0.7468128046720589,-0.29844375437017645,-0.40616000977689776
4,0.8418404817132427,-0.6248931874819468,-0.7131914870237648
4,0.017426170322397128,0.3736585532089854,0.43695159832796354
4,0.09816978690639655,0.28317446246942823,0.3534778336583507
4,0.3561687651949581,0.19704104701383776,0.0877142119494474
4,0.048102714226805565,0.3378533424141377,0.35650034478498666
4,0.5969831750932285,0.07546558544413956,0.3434509563473241
4,0.6784684298443285,-0.09783080323103666,0.009732340045326915
4,0.4954534145243694,0.17188511424481714,0.1560042708814952
4,0.9155052676703928,-1.0669703547093041,-1.0727755467124
4,0.24620285993933333,0.24084195977218203,0.148015823079089
4,0.23885048373457496,0.24480443332628052,0.33603726353619656
4,0.6335079441021552,0.0034313519903961397,0.05726759757544152
4,0.24454469966583614,0.24172479423646603,0.05975683715312194
4,0.9311544839688034,-1.2115729750156579,-1.0914209127953374
4,0.27655654668723384,0.22571256376636661,0.3203931380622489
4,0.1255115491613834,0.2656849085389631,0.1788266305742997
4,0.2537475653689064,0.236902204278904,0.3840209181266665
4,0.6850617924974287,-0.11585485578519193,-0.12901712811360022
4,0.937820571835102,-1.2754987369184208,-1.1887805375906697
4,0.4411582949169124,0.19267207211924406,0.03633668020391945
4,0.03811112999431565,0.34931646017645435,0.4744561592431702
4,0.018950939435499525,0.37183565991377027,0.4738660656257796
4,0.2462308371404346,0.24082711743472088,0.34591191936764965
4,0.45833699250419613,0.18659537085545885,0.18559875001411186
4,0.8741660890039298,-0.7648707030848008,-0.80261857106671
4,0.43367302908547245,0.19224198915706933,0.05276868642100693
4,0.3248459300085197,0.20503062402774458,0.22818735080354538
4,0.2690053539972206,0.22930274971286038,0.21169993876139653
4,0.5351457100458908,0.15903627659992123,0.28248511228000883
4,0.8561942209518311,-0.6842485721073709,-0.624788488056628
4,0.5918118506190853,0.08537082401535231,-0.06483702197561128
4,0.3675259734034928,0.19526999603879705,0.21398269276033688
4,0.538630669738691,0.15802231894635474,0.11154394168595166
4,0.7203514008411274,-0.21671655482529428,-0.3207756256729316
4,0.019977978190673373,0.3706103970360218,0.22697089920232225
4,0.7579737376450169,-0.3348725493690931,-0.2101248586132431
4,0.5511957514425503,0.15449037069842164,0.16157652897941416
4,0.500852641325603,0.16997989488012238,0.17731428806559202
4,0.6834203262801284,-0.1113464614661937,-0.08572489835008704
4,0.317791154941931,0.2078348457969839,0.2142272834402068
4,0.33670640464695323,0.20094996231978116,-0.021114283946245233
4,0.7248403368675206,-0.23016549996469127,-0.2956554762947621
4,0.4657759786277995,0.18340495037632892,0.31166868610548
4,0.027594287371684678,0.3615886709556899,0.43957520173017944
4,0.9023638642666479,-0.9510017601547145,-0.8366621978971343
4,0.8654132031339806,-0.7246784175182052,-0.7579360711335178
4,0.13143229273678292,0.2642203322066283,0.11347106874105178
4,0.8985484681929661,-0.9181955878470014,-0.8261320501920859
4,0.5248778739375609,0.16212049705481718,0.1122559281964888
4,0.07227334113860662,0.3108936167297769,0.1717146715807387
4,0.6723319587614935,-0.08125135084673206,-0.015085429371878248
4,0.6196886146060728,0.031158540644988422,0.1491284112852354
4,0.16411615025440773,0.2581376907649539,0.28732221838571137
4,0.05289156495969083,0.33242602116387565,0.2499099999795658
4,0.37405747243795473,0.19441970657592125,0.10630172396574254
4,0.655065941963607,-0.041232992996732123,-0.011587325877365981
4,0.5482893937712361,0.15529111101352372,0.11729988022827245
4,0.570665454519381,0.1252814441757261,0.20205612516681704
4,0.55257165466365,0.15411445823384842,0.14458983666224673
4,0.7759413437833036,-0.3963899617907206,-0.40398879932935505
4,0.8205455610382956,-0.5440429064956717,-0.34174832342289563
4,0.4078316261192274,0.19195874001544216,0.1815984690293129
4,0.6142123240292617,0.04197715316966846,-0.06975075993063806
4,0.8058173685343377,-0.49254356069489275,-0.3689386742898643
4,0.7513544942659299,-0.31311418898120047,-0.22470482151429266
4,0.39596764670452544,0.1924556808578969,0.012917708127517358
4,0.4072673358325293,0.19197341051003336,0.23380607792443642
4,0.33365286550289963,0.2016646541964686,0.18040083482120625
4,0.7389988259777295,-0.2736691511525504,-0.1353524973401631
4,0.4589295325746978,0.1863364839109068,0.23446624603900584
4,0.5521373315801555,0.15423290505073672,0.16399493771881793
4,0.029546736489413195,0.35929417168961164,0.25720465499055545
4,0.008513590650223946,0.3844059169250733,0.38448395266720703
4,0.3199186617056793,0.20698222977304,0.22500606957568436
4,0.6931768677917278,-0.13836067563028723,-0.2514447561166341
4,0.5301247776779922,0.16052581041706096,0.06889744359145891
4,0.6804853383656829,-0.10332056374356399,-0.08184443795590811
4,0.4273991223644994,0.19200174279172313,0.33394073145472214
4,0.767782862358493,-0.36799098526286844,-0.4214369378322171
4,0.41360186582383207,0.19185999761758804,0.2716828351113462
4,0.5800119966535696,0.1077510048214534,0.041414901840017074
5,0.7387924485037372,1.165559011946505,1.3096092356177047
5,0.532532913940893,0.47716871752530143,0.36790999566286364
5,0.9708092510616873,1.8582251362021296,1.7586110539597297
5,0.7544554122989752,1.231298908874743,1.3180815401809698
5,0.7985084917508402,1.4107719982983942,1.3856986556089539
5,0.5872594400957234,0.6228101157493996,0.6997091485412149
5,0.47423667595607233,0.3481987782412391,0.2843689586612678
5,0.05108325969524108,-0.03317550426665894,-0.05247109674594794
5,0.2757124446112753,-0.020843573621275164,0.013047955704693002
5,0.524756175607273,0.45848210590134414,0.1917868789720889
5,0.5958466964986385,0.6477116249356465,0.6094361853668342
5,0.36639677169238605,0.08696366232644778,0.17219018763255695
5,0.8596113591428955,1.6336976929922407,1.6110183516355743
5,0.03267829096971098,-0.02671018099443308,-0.20060218788460402
5,0.6283796105920022,0.746379142328372,0.7519852947691885
5,0.6045211942754583,0.6733569767508214,0.49162711517273794
5,0.08335574260301637,-0.042459045412502186,-0.057690058474925116
5,0.28244403799517215,-0.018327842784748367,0.05407932645899267
5,0.45113994240727207,0.30421183209477026,0.421747934236452
5,0.4216223623376847,0.22794078698703038,0.23605274790805578
5,0.1754057087372619,-0.045339840610869646,0.009274777196295214
5,0.402237841562889,0.17612975913811088,0.20641856792357258
5,0.8194342885459405,1.490964680638749,1.5190771982022884
5,0.8199608206250839,1.492943049213582,1.5484624882389477
5,0.8925926286284391,1.7336445035588572,1.8624357957727207
5,0.7695789237814157,1.2948121684409142,1.43586062130879
5,0.038252821920536584,-0.028752498467950863,-0.13850868253940832
5,0.44639536495232657,0.29567390117343384,0.36636018940655185
5,0.15510268452805398,-0.04859144738129865,0.10316530880994831
5,0.7660689809996218,1.2800842914912458,1.307427224721603
5,0.06522463417390234,-0.03758030441749817,-0.10314697651413574
5,0.2358166935093533,-0.02869141476653803,-0.055904899759993965
5,0.3289454451326602,0.0087541004041393,0.04517635793672678
5,0.9054672332541924,1.7693220739290956,1.6769480664060892
5,0.7448795401805803,1.1910832260964146,1.3449142612561185
5,0.025501799153399896,-0.023977369060186386,0.031240426856837488
5,0.0036677806606238983,-0.014982171702198347,0.06366294287396702
5,0.37631479113549415,0.11078448500114348,0.1751216357213345
5,0.8338747752474721,1.5443374513910626,1.6087149708927533
5,0.4496549177171968,0.3015213127538781,0.3113059620835651
5,0.8463884507021131,1.5888473687357896,1.7153449317434557
5,0.11035773021803175,-0.04798764709094204,-0.24095740296384632
5,0.04791478251525949,-0.03212004110279811,-0.27012892630516594
5,0.8965876548209337,1.745202509782822,1.6937250238896893
5,0.21176882199904667,-0.033550417756742404,0.07120119433538839
5,0.6854080444165579,0.9454620034775202,0.9386043873127066
5,0.7959047768597014,1.400615265995654,1.3921834743235193
5,0.8476370914810643,1.593185250961372,1.6769247659360358
5,0.4101079367125924,0.19685889125094266,0.29997104910336597
5,0.9785786315344993,1.855204269936756,1.8216287529351651
5,0.6064758795882673,0.6792033042435758,0.6338165183869409
5,0.5890575911230438,0.6279841488106825,0.716950644699704
5,0.44600252772182414,0.2949745687173336,0.2050538604993994
5,0.436846436134933,0.2704196176400189,0.25564459796804895
5,0.1443761311856252,-0.049397115097629944,0.03265640770446172
5,0.06721832719841792,-0.03815999332305115,-0.06666184165615513
5,0.9061346369637745,1.7710430846177243,1.717028911701434
5,0.04026416692219803,-0.02947173240730488,0.08608308592305508
5,0.029683289492831166,-0.025583679490709454,-0.08123416576615261
5,0.10829808243405581,-0.04764346897152743,-0.09154635217324922
5,0.5794605221289489,0.6006177751382458,0.6434139225743013
5,0.29656653771020813,-0.01190703586097761,0.18878312843726208
5,0.8183412944761979,1.486850854786927,1.4676044677598532
5,0.2953185980458103,-0.012537166594918615,-0.011208961842466544
5,0.03859873026276939,-0.02887686371859583,-0.16099724791402423
5,0.12702488230308018,-0.049421207699864786,0.012781588636821287
5,0.34575440286240544,0.03945387806998521,0.052083807835133264
5,0.41667491189348427,0.21447567698699807,0.2630717890701977
5,0.3615112562181668,0.0754677467354859,0.07904478811591577
5,0.6622404849753386,0.855933620088236,0.8355734628739228
5,0.745907953294634,1.1953993847100122,1.2750595494107468
5,0.4644174957934678,0.3290061333006785,0.16916188558601278
5,0.9536933990144122,1.8531045567229292,1.7546316467758922
5,0.7814903592229446,1.343875977662271,1.1811634436697422
5,0.8270658751559933,1.5194105018894433,1.3735853536818556
5,0.526399717980673,0.46239356076291893,0.5040059672948021
5,0.6434746701140871,0.7943960533724937,0.6572360263670517
5,0.18815856251689245,-0.04209926386245635,-0.2631338736906148
5,2.591035358701088e-05,-0.013386966422640322,-0.03309614201754654
5,0.14882135817488085,-0.049138011769700285,0.17133655938739856
5,0.9487101042798348,1.8488443030599686,1.6960415847533503
5,0.6856297908640477,0.9463558008406985,0.9130426192726756
5,0.0841300735205841,-0.04264727308713082,-0.16543957451415595
5,0.7211721248395351,1.0920156864639872,0.8849935004307716
5,0.6104866278929574,0.6912762484218953,0.8451957512988811
5,0.13897284537304744,-0.04957160686607786,-0.10447778846235223
5,0.4359133279488462,0.26777052349339503,0.3167782944874191
5,0.6714779419833318,0.8897566818601675,0.9744757046099372
5,0.5022411556582623,0.4069472582288162,0.5291823863620935
5,0.46381002817369377,0.32784271749222593,0.5992831630446053
5,0.8512656160058975,1.605674582758807,1.6475979378551735
5,0.9291468101212359,1.8215623380151231,1.983586758676464
5,0.12856691078068205,-0.049481505469390015,-0.26741045624169
5,0.10391210013916385,-0.046866727465505915,0.024457701040227035
5,0.37203867228557075,0.10043465315320005,-0.06416985315409418
5,0.019333261820441927,-0.021537801216513712,-0.07184818366069361
5,0.9488817046809553,1.8490103411424474,1.8199262138372672
5,0.537047961589638,0.4882254802383308,0.48989018741722046
5,0.5872701698885552,0.622840926364346,0.6755303205435581
5,0.46273871829837365,0.3257977489823417,0.14856253209851777
6,0.9487122083772971,1.5900333296988853,1.6860874262763668
6,0.22502544254665857,-0.28747208718084444,-0.45995627981096776
6,0.13988042904920195,-0.32218453825685894,-0.49980233798754387
6,0.17635885689254838,-0.310257284864025,-0.23581240099690232
6,0.990192506153223,1.5442363007510103,1.6910708721505867
6,0.3168979803825184,-0.25726665086023326,-0.2670597690676427
6,0.5560365764122526,0.2787558215492085,0.3273270556739806
6,0.8586820925250117,1.4020188929516948,1.4058703494445894
6,0.9648587422516048,1.5851828790091118,1.652192040902913
6,0.8458808065677037,1.3536391568690345,1.3260149100893193
6,0.4184827717648103,-0.03758086332878392,-0.022998481060867958
6,0.6721363938196231,0.6287299687899991,0.5991800552064627
6,0.30354444908515943,-0.26472160589596655,-0.3230736004623372
6,0.13435511538134448,-0.32356370135979656,-0.15934840191427263
6,0.9188127904681442,1.5640838906004282,1.6620101330721697
6,0.3517472694792919,-0.20449638468456185,-0.16150288557791
6,0.009832573652750698,-0.3451357071355481,-0.314658861727014
6,0.36714991146921316,-0.16797945239287634,-0.15833419696553208
6,0.7476143028188166,0.9386798221927527,0.9438153672710016
6,0.1935451914307439,-0.30282922719722805,-0.20180081924095372
6,0.1236425276901012,-0.3259363423645683,-0.3307709147304197
6,0.1421339215463172,-0.3215910016337161,-0.25743632909309583
6,0.39601703533460786,-0.09631022694864894,-0.3220956987533921
6,0.08187936012136876,-0.3354175111279676,-0.24761470777929076
6,0.8416608841583593,1.3370852307829826,1.424480820975432
6,0.19252284461781255,-0.30330520428268015,-0.37432560185298946
6,0.23748702343333683,-0.286181845087929,-0.2667908347777178
6,0.152884248186411,-0.3185065350390332,-0.23834333818987755
6,0.22742507750305374,-0.2872889797158099,-0.1760461365938611
6,0.7657986587047152,1.0131676902278186,1.0195521058982624
6,0.3104411286646035,-0.2610059467127447,-0.2729593474446624
6,0.34986692430011723,-0.20887304228153664,-0.33170621004837375
6,0.1386074343190855,-0.32251183540187656,-0.32641546942397265
6,0.13736947127327226,-0.3228246234759541,-0.20227104573708904
6,0.8113615883957758,1.2111814868737045,1.1965465771599015
6,0.5054404353406695,0.15899303744031648,0.10410859813131321
6,0.872886321462233,1.451981750588356,1.6275933414262407
6,0.8528891723793347,1.380485814167708,1.4939725676557511
6,0.6557844882799168,0.5723632776686207,0.6617907235809883
6,0.31209979419520995,-0.2600695006796264,-0.23928006384241923
6,0.5651178193357085,0.30364117785512434,0.2587737017006552
6,0.29768687661288495,-0.26765309285866506,-0.2745930591816476
6,0.582851842422109,0.3533748332554369,0.26707359440597295
6,0.7998250067049892,1.160699845440322,1.118514571163378
6,0.2929884181826372,-0.2698564785326596,-0.4206962537986245
6,0.3378079581452327,-0.23652371441174722,-0.3990894055124139
6,0.1452966580348123,-0.32072725262756474,-0.251583484529931
6,0.19013395569848557,-0.30440037111596574,-0.30059003644851795
6,0.8381666424118625,1.3231716035897798,1.230919380450735
6,0.22314539765362318,-0.2875939584563417,-0.15123513763091356
6,0.7516222321284216,0.9551656827235157,1.0707072545620175
6,0.20602437510892235,-0.29666202186669155,-0.48882422611338894
6,0.6966585012320081,0.7285239868515864,0.839767501487949
6,0.7133371807906218,0.7971454014626407,0.8739510369217948
6,0.3242987165449581,-0.25266872138081997,-0.22738544972545482
6,0.4899580116066591,0.1251860227051952,-0.07789004411015998
6,0.9777792691941998,1.5698504994811113,1.5517886526700289
6,0.31718193362811,-0.2570963970966825,-0.12714825560518772
6,0.8508034481512469,1.3725839654476604,1.4175441409908005
6,0.7927255732451182,1.1291222152970393,1.117746511824444
6,0.11058731319727788,-0.3283731750846948,-0.30777982059070774
6,0.36090473690341185,-0.18292911141970997,-0.009933850293123964
6,0.05870350652726708,-0.33968570258170827,-0.5274474035083982
6,0.14478940579735755,-0.32086821436761215,-0.30081823724685847
6,0.22111849594533572,-0.28829823239374214,-0.27372383722126625
6,0.834176165940837,1.3070658884503816,1.4195765990407299
6,0.6576254302879497,0.5781497638207005,0.32189468146841366
6,0.648009407903701,0.5480433732537926,0.5585801278733088
6,0.8658912936894175,1.4279087437868734,1.3392028097123478
6,0.12629734525363057,-0.3253847875089196,-0.23353154145734445
6,0.82864497633631,1.2843844598940177,1.4110611539525988
6,0.6642541922912936,0.5990694471985581,0.6107014878125681
6,0.9756664874964978,1.573113326933486,1.5601583946801765
6,0.6113928818904263,0.43646076329494765,0.6596224742987724
6,0.567072743775645,0.309050224274413,0.4793169129841171
6,0.7026615593613927,0.7531711735643939,0.6978146715710458
6,0.5544273285932109,0.2746337601077063,0.10511840820080484
6,0.10334925546297957,-0.3303451023581376,-0.22016045315080116
6,0.564116474300749,0.30087768117972263,0.3147231128600475
6,0.720160033433411,0.8253155110402766,0.7759998929472763
6,0.22431406149798594,-0.2875204278384076,-0.4341606646774314
6,0.9621518002343772,1.5870518030947252,1.5406334658694332
6,0.3231835265492544,-0.2533829739537413,-0.28419971006501143
6,0.43945609783187545,0.019605238907316584,0.10966210597295732
6,0.9751169113653338,1.5739121094644526,1.5886160994841554
6,0.7863804792718622,1.1006240591106238,1.0223541026773422
6,0.1300710373246371,-0.3245596780303004,-0.49900539640824126
6,0.4076496164664999,-0.06622549846203221,-0.15644308047147104
6,0.9232178616209148,1.5703911971486497,1.4101002521754145
6,0.18056035648959645,-0.30855272963129876,-0.23610719777568673
6,0.9030514354344374,1.5354905399535956,1.3146459495168799
6,0.5781754398010587,0.3401158591949449,0.34872592669226216
6,0.7499795898065207,0.9484126518586844,0.8384286554706443
6,0.6744547473881662,0.6380912835354746,0.5500221990384211
6,0.23352378372175742,-0.28668367156910257,-0.37108497939823865
6,0.13679286439557192,-0.32296846577209265,-0.2620471091273552
6,0.24667210418383845,-0.2846866982915328,-0.4397964571189453
6,0.42906108613789506,-0.009023595928143668,-0.0032228361730363047
6,0.5917478251100162,0.37887800380978476,0.4220180182941419
6,0.21794957002395465,-0.2901379357723182,-0.4690635911282658
7,0.6251775901355096,1.916244172296205,1.8676528240907502
7,0.01522478459967358,0.4330470679594278,0.3606999430638697
7,0.20065803032938523,0.5724913973240197,0.6205820119192683
7,0.4490415227212844,1.4058602115599181,1.2072196718895383
7,0.8627553038471365,4.091597485033871,4.098783075964025
7,0.5731351731155184,1.7325449395450274,1.7500432094191052
7,0.28796508313744484,0.8450972358662245,1.0151320395342467
7,0.3601824515845923,1.1016150101993358,1.0069029108529644
7,0.0594403986690476,0.41042450440083567,0.4687031567894953
7,0.9355733684767239,5.908079144696382,5.8616199098665245
7,0.2907407935444286,0.8550179352767434,0.8823470550122801
7,0.9561101608935559,6.627500630392482,6.599529696572428
7,0.7263332689478194,2.4872452866684314,2.538677376196847
7,0.006565197168732606,0.43786632338331705,0.49727585964204757
7,0.8454116297602032,3.797845063020559,3.746664971664953
7,0.029351124516651783,0.42546720376296815,0.43385578691740273
7,0.7010071452671386,2.3058339096202434,2.3677635924777194
7,0.821386298809812,3.448042391310032,3.4750989188981802
7,0.29622460724037003,0.8747420254662203,0.8339758104339328
7,0.5046766326444366,1.5408835778545744,1.5343152324166787
7,0.9808681404298368,7.64527234338157,7.577734708808161
7,0.3924250423859924,1.2112988017124968,1.093708694779611
7,0.9879215616757641,7.969228435403509,8.129301971431873
7,0.8180520841955261,3.404156612213489,3.5445417534705523
7,0.45305959814622354,1.4152997920963972,1.3432060084053579
7,0.9097444341410473,5.1390292023107005,5.239127197732246
7,0.6094737253603173,1.8570011142581466,1.9099644256044581
7,0.755945558754414,2.735275204954231,2.7183165691270195
7,0.06425364633145525,0.4081500585886241,0.4833828742518876
7,0.98928256821646,8.033609969500814,8.225571980220943
7,0.21926277583389153,0.6157749694767919,0.6632903321499263
7,0.20190991821337134,0.5753500378165599,0.6771160034707178
7,0.4881888180670657,1.499736879440285,1.5275387035537347
7,0.057782147058823674,0.4112162422062691,0.4613757210743
7,0.26791195954224367,0.7746929150372179,0.557884144166908
7,0.8711143514364607,4.247195029509002,4.2507149482207405
7,0.9231342937215204,5.520291475191738,5.564959733866185
7,0.5236947374669074,1.5899630685427046,1.495727973096511
7,0.8814170791822387,4.452716446233352,4.354197356640462
7,0.29794577874837913,0.8809666509031139,0.8086497205157545
7,0.22018935291026964,0.6179757169862062,0.49615104411445127
7,0.08763914096230463,0.3975825398350692,0.4441551656203465
7,0.5063537579255422,1.5451367256757043,1.6929396308292683
7,0.17868908841235143,0.5235782877958711,0.7081961479843224
7,0.13258799140947852,0.4285366663022273,0.35920889950288654
7,0.25894654256857563,0.7439448490517686,0.7140869773803681
7,0.2885992678255157,0.8473601466612805,0.9074277908275381
7,0.8787065835936578,4.397115735080069,4.285711047155312
7,0.6513683169901268,2.024570011539628,2.0099680938604223
7,0.06954617624716453,0.40568918434879603,0.2669129424044747
7,0.15829418073978596,0.48027149568983357,0.6044811168280335
7,0.6098483007977,1.8583709544795215,1.9611092579865905
7,0.4327571903792462,1.3529916351454314,1.2032651113360588
7,0.4732348174125707,1.4633274417777564,1.6664428941629246
7,0.4797662939910845,1.4791347607222862,1.4845315452448735
7,0.09809639567074391,0.393103952827078,0.4843522432613575
7,0.4140672013830805,1.286665980633867,1.3174477959031565
7,0.9406088723836853,6.07496809818176,6.156882416763286
7,0.5904363006007532,1.7898543852377633,1.903961724180076
7,0.37093509979597583,1.1378624290384007,1.1290767766909298
7,0.10395413507492335,0.39065847146853194,0.5030638285137534
7,0.10501987000146151,0.39021831765598297,0.47892160290120395
7,0.8646036979159886,4.1251798997391775,4.17463634057937
7,0.39789715934036685,1.2302170611642342,1.37438940399951
7,0.44171000232746116,1.38520543454874,1.327910076282088
7,0.1895420861283903,0.5474468205816868,0.5215011304883892
7,0.955613642264325,6.608850965329012,6.699251628579866
7,0.05630969470761049,0.4119228033457856,0.3363415736372592
7,0.05198817217819107,0.41401586246656563,0.4346570825474201
7,0.21086747122155436,0.5960304838140089,0.5779574686391757
7,0.3257229980362385,0.983647654036513,0.9585553629184653
7,0.5402768333158131,1.6345053178076923,1.6224547755640777
7,0.9323567814346841,5.804528080400234,5.735190356585241
7,0.5061529754100262,1.5446268364053852,1.4341353040409128
7,0.03830094121680605,0.42083996626392234,0.5553682975284756
7,0.7254146759617344,2.480214591893491,2.4818994906455836
7,0.4645820295302121,1.442591181843805,1.480924798412408
7,0.21123573494242753,0.5968892180903353,0.6154174833064999
7,0.08079010750301208,0.40059672837598076,0.36456130619556737
7,0.6865232317166958,2.2124101543165704,2.3125649696061172
7,0.6168921610767467,1.8845132320979283,1.8813747421214542
7,0.05108057473577465,0.4144591410813211,0.48678486578808644
7,0.737810446167592,2.5782757588542564,2.5994915648255086
7,0.2147546490703789,0.605128826749325,0.6555908354553809
7,0.8600736039753444,4.04368399768175,4.025878521819453
7,0.6305172538694902,1.9372956409731263,1.961861309880415
7,0.2572072050333436,0.7380323121445804,0.7175031183502207
7,0.01941551518624751,0.430762440312502,0.32972904633848166
7,0.8117970355915466,3.3246260516803314,3.39814101470154
7,0.14320321575827055,0.44951691092917107,0.35490930122421843
7,0.18537015668608803,0.5382036723665066,0.6846922005283209
7,0.24748411975105788,0.7052989768028481,0.5384111780852086
7,0.5894526942277588,1.7865080112162823,1.644705199932686
7,0.13018033777887428,0.42385289984496455,0.40815150634189323
7,0.17568001642380227,0.5170621338242664,0.743193388517544
7,0.23561608009327295,0.6660839511539349,0.7180055180075452
7,0.5937405737916566,1.8011796446440314,1.7429808961843742
7,0.05001559856122961,0.4149809338650714,0.4992729985429541
7,0.2984423260104868,0.8827654245769143,0.8541416613770397
7,0.20952935696183528,0.5929158820130818,0.5957147030373664
8,0.1622723215168569,-0.5214078437125453,-0.3995656119018055
8,0.6375412278540791,0.6580453722701325,0.6982799397270874
8,0.6351413377073571,0.6463972636476937,0.6443515812787265
8,0.057846423263316904,-0.48253272672596176,-0.6262693386544064
8,0.7772286151901677,1.4674415192470835,1.4290892994277873
8,0.6157446060919071,0.5537491321403638,0.3690473067443304
8,0.35632892168499797,-0.3947806430560418,-0.4535252916358251
8,0.5964545463396753,0.4643911032154106,0.46007728438891243
8,0.8835033047632602,2.041802727595149,2.015796554265085
8,0.4627944176199711,-0.06015850518715909,0.04699033645596357
8,0.10006491058082423,-0.5023065873889556,-0.5105250501804359
8,0.3907944156107773,-0.29479635647427915,-0.2809137943439968
8,0.6770432857505723,0.8630901791228631,0.8925807280002312
8,0.45402617772062126,-0.08837700745400034,0.051892258431148364
8,0.8719371973703027,1.9892572699086435,1.9270356306092964
8,0.5017953980353592,0.07459171888245683,0.02234302235291026
8,0.11903054788188183,-0.5098171449986245,-0.49202003427825364
8,0.8832705880863899,2.0407835119596958,1.9222345807689634
8,0.19884278688884494,-0.5221759495164644,-0.562653494773178
8,0.7169639085782917,1.1015421734213537,1.125479767804776
8,0.26794367740322644,-0.5055695865777475,-0.5276902313669459
8,0.7333726626682039,1.2010913513476573,1.214333317704618
8,0.6899784443310569,0.9395854038360892,0.9353837510934064
8,0.5003116380628387,0.06918999417929171,-0.03693731824557542
8,0.5165036395270486,0.129307839187788,0.13695575943107982
8,0.8682453963900697,1.9717234656543352,2.131645212913689
8,0.869935993319307,1.979795858826477,1.9280201330290063
8,0.5714422509758862,0.3529044020002389,0.21284215280709753
8,0.8142887992383678,1.6846197129726188,1.7384786037241837
8,0.5108504369292551,0.10802641051699892,0.17365464997262578
8,0.9677295971014487,2.2468748932559732,2.205506815980862
8,0.19460143699693067,-0.5225372091786944,-0.6194963632980268
8,0.04346153382346063,-0.47460299970037295,-0.3511453928353256
8,0.36735920420723656,-0.3639084283166532,-0.37776740306972345
8,0.585574513233894,0.4152751231619045,0.6523057516274234
8,0.8870913475717763,2.05730654765693,2.055081111489379
8,0.7134631873399032,1.0803863735710015,1.183706539864125
8,0.5378063849388612,0.21229291197290465,0.3270558095100932
8,0.0619733690605212,-0.4847019541124169,-0.4924390260588209
8,0.437653282267944,-0.14209094563053584,-0.16349083216841764
8,0.17323743784599266,-0.5225456746565659,-0.5030439646212482
8,0.07779508813774705,-0.4925588983182045,-0.4468026463952884
8,0.2664320943359034,-0.5062667522068104,-0.4707861327067761
8,0.046613006330850304,-0.4763881724298873,-0.28126740339269884
8,0.6391047261900021,0.6656551257598003,0.8224559223359663
8,0.6399398941959654,0.6697267833736007,0.7929833112135182
8,0.9992508808513142,2.2021871636011756,2.219614098323148
8,0.385704267434403,-0.3102164202163737,-0.20532070510457062
8,0.6953293597034682,0.9714684990513639,0.9294662667817942
8,0.18845041724990363,-0.5228471425028374,-0.5767350218252977
8,0.3690870989005004,-0.35897655849380317,-0.44797437033195786
8,0.9805555574286211,2.239298457049237,2.226100251866637
8,0.3267893628580143,-0.4625145958064927,-0.43981457689798525
8,0.390142076713448,-0.29678526537220534,-0.35169046779279534
8,0.5248744659917243,0.1613923391915054,-0.06989083720522704
8,0.9243057263826647,2.186749057332702,2.292290956493412
8,0.5130953950299242,0.11644011019314883,0.33532939680695456
8,0.6816999044100158,0.8905286577496332,0.872819400442957
8,0.16909018051309666,-0.5222046405597991,-0.6747898366822136
8,0.80344778738657,1.6221058788717453,1.8212978629936067
8,0.027850120458264627,-0.4653807715221816,-0.42748914301896074
8,0.35323156003690837,-0.40326022721213717,-0.45142947718656656
8,0.5572441679339585,0.2918994552842672,0.4013066330914009
8,0.04619214524811521,-0.47615130130710753,-0.4307301426320454
8,0.6561095205720321,0.7494575878811418,0.7787898024614114
8,0.3952158926179997,-0.28121708830102016,-0.25733038151113274
8,0.8806057463840334,2.028997037523048,1.9135662460634104
8,0.8278486116837489,1.7610785224056995,1.7337398125315406
8,0.05236232553035214,-0.4795762215164852,-0.31714285089228267
8,0.1993443238502377,-0.5221252068140767,-0.4808059894511753
8,0.6387902037897821,0.6641229705956879,0.5626527012464436
8,0.24996142891167183,-0.5125748532872025,-0.4373160322783567
8,0.24946395592895243,-0.5127289523503745,-0.5545005830553249
8,0.6094509073818096,0.5242812060043079,0.4965612363151112
8,0.032326741847343965,-0.4680883923623386,-0.4571391625701993
8,0.539515564894191,0.219140595981503,0.34062161716051687
8,0.6408838655983814,0.6743345401021722,0.8230325747475403
8,0.3751587227515534,-0.34144022046141337,-0.46557384954905107
8,0.36832453240055907,-0.3611563289990246,-0.23429016003668118
8,0.2852573961261974,-0.49614570204292857,-0.6672463400436707
8,0.28063515141167894,-0.4989219473949631,-0.5649029387669346
8,0.21391405609885616,-0.5199005618466769,-0.5877549773351127
8,0.03772232977567125,-0.4712849785200804,-0.4056717078757549
8,0.6742932043227327,0.8469413937891623,0.8610043334217282
8,0.04296572664521714,-0.4743197528463935,-0.39163679151773645
8,0.007925064144589933,-0.4527463977326886,-0.481211824762732
8,0.06969980946256249,-0.48863143452486457,-0.473768284729878
8,0.15245645357770643,-0.5197534736433695,-0.5277451386614673
8,0.3074155073411756,-0.48016517776592027,-0.5616121473111337
8,0.8765036461835742,2.010450666816624,1.9601377956531982
8,0.3611561342244065,-0.38139980837475246,-0.39931529236266883
8,0.9453340734863701,2.2305861413991246,2.278665763783961
8,0.5384576529999958,0.2148988663704187,0.24315559221589936
8,0.19787186784251543,-0.5222693482272469,-0.5681624671915194
8,0.8537480312112927,1.8997448749109098,1.9069868491625055
8,0.562936058246003,0.31615463286099005,0.3176367841718164
8,0.08819432965151208,-0.497308629867819,-0.498000795940132
8,0.44226520831566996,-0.12600781907907435,-0.13338205525839283
8,0.7489921088338803,1.2961647602337039,1.3795431507157623
8,0.36619847355430724,-0.36720687577639904,-0.44126053876050564
9,0.16538060974872693,-0.04507005934055822,0.027098187502257516
9,0.8092041819563062,1.8165045658679084,1.6848984226997268
9,0.1624306578418967,-0.0442679557697857,0.018440263292523747
9,0.8221307006307164,1.8711535577801262,1.8141814704368173
9,0.4867801652339758,0.4677563784157933,0.5752446779524683
9,0.4539805091070772,0.37545119568349655,0.26222000157475844
9,0.6124026112050104,0.9049118400601901,0.875362625798562
9,0.6146334949721691,0.9139079625548642,0.84011916078278
9,0.06238723381960254,-0.014969464445442504,-0.27519402168431
9,0.9588439925619896,2.1800056980145137,2.0884786318373436
9,0.24751514835667265,-0.04770087285055504,-0.11412580833989153
9,0.5734312789500857,0.7521783539546315,0.8023828743775872
9,0.19466522385306162,-0.05057316502655269,0.02085641193818378
9,0.4531927865226214,0.3733242018324506,0.38250882420095894
9,0.1523370312617508,-0.04119241269517804,-0.04777239923756648
9,0.06243588046106541,-0.014982137519465848,0.0941419742217156
9,0.8651149227443199,2.0341998550733527,1.9875532201029733
9,0.22044027530836374,-0.05154811040984041,0.0959807780534288
9,0.8320396771712575,1.911601251136,1.8717530832019538
9,0.237582293650208,-0.04969081228294721,0.09347857487289325
9,0.8378050298076175,1.9344559518260274,1.8850223300851994
9,0.42377875701321266,0.2787592612371963,0.14102481789433496
9,0.11902722388113984,-0.02755644263787294,-0.05193161113408597
9,0.4694157645105883,0.417977497878834,0.504509423731381
9,0.34187400822033087,0.02289260962484556,0.06140557746947965
9,0.1763587249172226,-0.047662616888311846,0.11665731139942302
9,0.9218081588036358,2.1723079034963684,2.0388930807265093
9,0.13518770308435257,-0.03482337222999581,0.10352977381777587
9,0.14935373516767358,-0.04018667502046196,-0.07391655455785942
9,0.4752948346900586,0.434600965493381,0.37524599353446425
9,0.3600116162591831,0.0760023561269265,0.013374384487461144
9,0.5662885269969928,0.7251271946606646,0.7932658544779443
9,0.1427285004853529,-0.03779810598262815,-0.18460824186276042
9,0.4087054744673372,0.22853288928518922,0.28366606671033756
9,0.5714662182643766,0.7447064274562835,0.8385847673909805
9,0.23382038068479472,-0.05027189666524631,-0.04913660211496482
9,0.47019959695036684,0.4201802400113647,0.27759626656868247
9,0.679832756539894,1.194367381781678,1.294989643909424
9,0.6333490155618271,0.9903843907734289,0.9907489307045481
9,0.1836520391983255,-0.04903692302597937,-0.02146598000233601
9,0.5597453078759859,0.700610171070531,0.5357856392340553
9,0.19243137626079865,-0.05031464889838501,-0.08674291962820598
9,0.7269810519483014,1.426980956620488,1.220194332766631
9,0.5427705734589288,0.6422463077743674,0.686335211922833
9,0.17580364929017844,-0.047546546890101675,-0.0577101458375302
9,0.017646083583302663,-0.00016048493633428757,-0.13885533742104778
9,0.24755186048262956,-0.04769228169942713,0.02009029706849845
9,0.5037246032547276,0.5183151090139354,0.44376408891628016
9,0.5694746921112805,0.7371569271808516,0.7823354620606051
9,0.5936350911026623,0.8302953697634554,0.9704114490115829
9,0.8428460372340421,1.9539819998721368,1.9113595987896161
9,0.7553774184208705,1.5677844223119581,1.660734854103061
9,0.21040936487721207,-0.05161359626542352,-0.008942153020371622
9,0.23551036057833763,-0.050022496290029896,-0.13354073887004428
9,0.6333180475577612,0.9902564125164571,1.0906316953255701
9,0.2684186009326297,-0.04130918114164844,-0.021698832521359457
9,0.1705631525614022,-0.0463715661745126,-0.26788193947895445
9,0.47891196976493056,0.44494569062600503,0.3316831822711404
9,0.52625080980649,0.5885564617953568,0.5591796182265284
9,0.2582776682710921,-0.04478759860415224,-0.09451278559928264
9,0.5498761785481177,0.6658995490749958,0.7007094818446337
9,0.31118199738076446,-0.018549631702774322,-0.14728463035378042
9,0.21278715054219466,-0.05164998722450447,-0.20046222433652464
9,0.9661827698977098,2.1707144283334663,2.09809242257133
9,0.10068662477476853,-0.02244386307018561,0.02833083233249524
9,0.43254512047426497,0.30863699630762476,0.3276241322748419
9,0.5869065596547891,0.8040202470154546,0.9020730224178928
9,0.41683281249247317,0.2554348710463647,0.3109504315037135
9,0.8793839927003432,2.079311400526044,2.1162485208569333
9,0.6356642508309235,0.9999652889902843,0.9362211529704427
9,0.24927954259796625,-0.0472776115980094,-0.3907595270851296
9,0.558647855076366,0.6965228887087958,0.6894946083994703
9,0.6615234825847752,1.1086063667373722,1.0808019630473822
9,0.443248245718619,0.34578574304357923,0.29996276997558463
9,0.2249667895299814,-0.05127056091648637,-0.001604293918232906
9,0.06745867913486447,-0.016248555299302775,-0.1142971552128226
9,0.7010314642751245,1.2983710051827217,1.3675643439611302
9,0.8543520202829692,1.9967587745063748,1.9229121316361315
9,0.41272307917208095,0.24177904770510283,0.27100826049032034
9,0.5993999977251642,0.8530098905065248,0.785359566748953
9,0.4127688155706217,0.2419304306326375,0.24362925223515638
9,0.43846831577313783,0.3291040940326502,0.1448206547500199
9,0.11630259235858065,-0.026214558512850424,-0.04932992489347804
9,0.9552544885010408,2.1831048083037965,2.1812588532698234
9,0.9745706012218914,2.154928904507822,2.09300541623533
9,0.8824404666732877,2.0882178602148507,2.04605752044984
9,0.10725272289497911,-0.0231987391401535,-0.10591976375860004
9,0.9247866103909194,2.1758659612889635,2.15678916762508
9,0.7127953328657823,1.3565631103325222,1.5329375512945633
9,0.48120587286083094,0.4515523143110914,0.4969094815538332
9,0.46594513964494244,0.40827449709730507,0.3750329944174468
9,0.9693290808524545,2.1654603644089527,2.311843067749161
9,0.06581762671570557,-0.01584399069302205,0.07919046863126461
9,0.24092316175475315,-0.04909559794768689,0.005658138464562507
9,0.9464333975305046,2.1869327637076754,2.1539454648694356
9,0.24882234294055938,-0.04738932372558726,-0.17216232007060622
9,0.8809168195927365,2.083813608715056,1.9517936999953056
9,0.37085332113249847,0.10869744396366951,0.2050668379006145
9,0.6202307307133904,0.9365935973629227,0.8244624423925715
9,0.6141303064031083,0.9118765438384964,0.8609675686983227
10,0.6727477204452365,0.20329553584090945,0.030789861741841923
10,0.053579549263940485,0.45246930992081774,0.44355754209643855
10,0.4047273369404518,0.36198551036097243,0.3975687760585443
10,0.8331779279155599,0.18675500400549624,0.28830816210890936
10,0.12360215172485212,0.3968144841463984,0.4830047043882191
10,0.541363290831663,0.3317460154232036,0.40808667102830165
10,0.7536461379152251,0.1650630996752262,0.13696394348964497
10,0.39170642159018076,0.3659478509923931,0.2360355941371708
10,0.8225476553000087,0.18024406404874674,0.006245842491546916
10,0.9630000060860744,0.06820622329438007,-0.009845058814838048
10,0.18234275034196612,0.4144834627835441,0.43269378242396117
10,0.1752774124003872,0.41164178856571854,0.49765275405070236
10,0.0013180347063815878,0.5123744207691275,0.4771724864487463
10,0.3381002923559877,0.39155043141550167,0.2603379185350978
10,0.250124946825786,0.4204439771131908,0.5362745897444856
10,0.7003750073162753,0.1864493095105926,0.3348392886242283
10,0.36045614384117264,0.3790855221646767,0.3801748118136509
10,0.6788394210524824,0.19923555171781165,0.22320901876530294
10,0.021788387633552397,0.488033163060917,0.4808758961429248
10,0.20088466127675664,0.4227864646853382,0.4903499878136172
10,0.393525782223181,0.3653399736409167,0.39630837686961884
10,0.768956392074562,0.16149580375846628,0.12946683275528376
10,0.7816299724718838,0.16120635291501617,0.14559624674502675
10,0.6849677859234583,0.1953488990540444,0.2444093559640655
10,0.27267609018740036,0.4114782595301272,0.4865129051289717
10,0.69785251557617,0.18782132654718675,0.2503450811868239
10,0.5123651865582108,0.3323610071941564,0.19973565640245197
10,0.28531656237715797,0.4071125819601554,0.5732976169202411
10,0.36290929737551836,0.3778720690143997,0.3342675335152004
10,0.4254708847776765,0.3575691063243681,0.21811811757870758
10,0.41944856439649714,0.3586075209330577,0.3975663098784842
10,0.6899795947617822,0.19231738689261105,0.2967744301551404
10,0.7492543887480027,0.16629190429780222,0.08448553606726955
10,0.6045253017957027,0.27087904039019534,0.17224587328958435
10,0.7861046071318474,0.16280079420107535,0.22266920849361435
10,0.292898028664346,0.40471239469870834,0.5982704929043604
10,0.29784826579125057,0.4032315218159638,0.31931256995916435
10,0.8826209244265173,0.2244790982739795,0.17810260993164173
10,0.8382227871516671,0.19005645307341681,0.36553515065231024
10,0.15067714643530228,0.4032264414177369,0.3154894423974363
10,0.4891141049589868,0.33690406311406673,0.5949305757296179
10,0.9665601052899365,0.06109447174361652,0.1541360890507665
10,0.8441524253997403,0.19410589745287554,0.2558739041781955
10,0.28097104192588473,0.4085615247544952,0.39874926223604684
10,0.9811443288719953,0.032527236027634875,0.1699245905396115
10,0.12536248785920168,0.3971353496255255,0.46919970032165453
10,0.09987180727127531,0.4054944163594451,0.49468949081496116
10,0.11515944341722328,0.39546840619191026,0.3882879556764011
10,0.22237214409150585,0.43368521118933173,0.43473115709623816
10,0.1051287164178153,0.40051594332034907,0.34297374746017534
10,0.6502709506442733,0.2224791259001682,0.14947324460575362
10,0.10177726866792003,0.40368156158181845,0.2860720699952133
10,0.9339062835227018,0.12845624413585507,0.15647168878473894
10,0.42537683051995145,0.35758377158904264,0.29392561937745326
10,0.7835869302545986,0.1618884722457605,0.2476129838120068
10,0.11158771949831636,0.39499638398331177,0.42329269365021677
10,0.09292909569699259,0.4121798956190105,0.3108057634937838
10,0.09610583838372333,0.40910522094620033,0.23793361890495562
10,0.34453046839637447,0.38770659376065236,0.1869798615869173
10,0.43423851618015374,0.3564203763476811,0.5321268045536938
10,0.5795365163080495,0.3014619564542657,0.1652383434366855
10,0.47552323305546573,0.34121310498667445,0.19034641909239366
10,0.9978662773314233,0.0008777283240366152,0.22813174557463703
10,0.48101174549468917,0.33932651732904057,0.04076014167073716
10,0.6066495091414168,0.2684133689263846,0.2090681844329652
10,0.4498218272392117,0.35268419283447755,0.28397380329431776
10,0.8853053435060242,0.22684232422205364,0.16028967463776905
10,0.7271473096789861,0.17391341543013175,0.020144080846046325
10,0.5712258077691448,0.3122727063474138,0.2724790112582308
10,0.282909553854894,0.4079085080108277,0.5131185834882387
10,0.721243117827639,0.1763624966489008,0.29148331862540344
10,0.26570042606956346,0.414087322041209,0.4664820022300006
10,0.09693872480469579,0.4083034610320746,0.40599106517123745
10,0.021545774075668933,0.4883150204321871,0.6570250141257431
10,0.28215927512935923,0.40815997600842724,0.5164245132786797
10,0.7060662982904539,0.18347536496641415,0.29525327683874114
10,0.7174004310473914,0.17805169450615385,0.01663900096765855
10,0.24865618027739234,0.42108218636104106,0.38256093189356355
10,0.28484532013036123,0.4072671120018384,0.4717839062984647
10,0.6539169328926537,0.219047760623351,0.22714644395008537
10,0.772850209334203,0.1607624420684047,0.19385392880205837
10,0.13240282105801482,0.3985548042447512,0.5157726619630041
10,0.4223616054767332,0.35808006360254657,0.47543559433421506
10,0.010615474587860718,0.5011783084134999,0.2815905014526917
10,0.16499169311586626,0.4078376777245292,0.48392513332948234
10,0.011127877084752269,0.500568071980845,0.2624440932228749
10,0.7931747132684634,0.16557015242259251,0.053496008964618535
10,0.8809839428298362,0.22305246882905425,0.16231761524489177
10,0.8397309494984768,0.19106924809680503,0.21663985479169234
10,0.21763516095440294,0.43128168638750985,0.4598524287314159
10,0.42637705384986957,0.35743034762425846,0.29274427812366166
10,0.6610951385366389,0.21247643930729032,0.11633518789211206
10,0.11874207233111156,0.3960003636031037,0.38364639449179594
10,0.20369513361785052,0.4241478644202239,0.5176938058165227
10,0.3353654824225606,0.39324822841401313,0.46281774338817994
10,0.018801267970719793,0.4915145287459783,0.3701083103912187
10,0.19122679570912038,0.41831212355241987,0.5316238556138789
10,0.6300294032381307,0.24267579958998176,0.3270552513873624
10,0.014310585599575876,0.4967935925177086,0.47177362159917113
10,0.668235717690964,0.20642933163947125,0.08595940600530233
11,0.7517134751052159,1.3701830822492156,1.334501333654783
11,0.9306076925399872,0.7672987723419196,0.8720072973910666
11,0.1082255870912977,0.42049597979583103,0.48696648445656354
11,0.09864662651942169,0.413055533233524,0.4043636230607773
11,0.20713230176304176,0.47786009578757765,0.5195506269469315
11,0.21549567383878943,0.48370653745238074,0.4072683906262107
11,0.396498316195234,0.6366912240587588,0.6079683246541913
11,0.22137481920413382,0.4879194846103327,0.4789844261651234
11,0.7229253158381115,1.3439232534679497,1.2404118031763045
11,0.6704119619639394,1.2689587593447162,1.3178718129750542
11,0.38759640000912154,0.6216180019096395,0.5962840024837952
11,0.22662468704216343,0.4898675257199805,0.29505749277106924
11,0.4893066923200835,0.8486747795955514,0.8370192265223156
11,0.8142648880608451,1.336471300196015,1.4165309957733598
11,0.019596900254295724,0.35517544332110323,0.27556004074254326
11,0.34989077709835825,0.5635758898326275,0.5252806561381744
11,0.3150796579543853,0.5299597180058819,0.4902223969064148
11,0.7948892396522719,1.3651103774082842,1.2933476866325129
11,0.4765137450384349,0.8130694340135888,0.8287689353235727
11,0.7717764156340977,1.3793796568350531,1.3449078380519752
11,0.06451716351912962,0.38733562051244297,0.37021481987948296
11,0.22941796729660413,0.4907484821162596,0.5445600981930816
11,0.9836494935915803,0.12677141189025362,0.14941019621059023
11,0.49783322691322096,0.8727253167570838,1.0268982280244396
11,0.5867074562678675,1.1037486445529419,1.1242742275682005
11,0.37112006533942254,0.5950909253073376,0.7948974282133445
11,0.9298518899365288,0.774116607672137,0.8694756960329232
11,0.7179662527078167,1.338132340806644,1.1307844359264287
11,0.6923177280441616,1.3034998840745473,1.2919072546561805
11,0.4620525811869871,0.7735506133046491,0.9126575933503569
11,0.8880046728501749,1.0729804244072336,1.1032816944516568
11,0.6797145169886192,1.2840922526332348,1.3934269448601702
11,0.45261980431193005,0.748208650663677,0.7381086282883088
11,0.7570879154049899,1.3734729393180016,1.303932972218361
11,0.24977255781526186,0.49796526256684753,0.538214517417273
11,0.24603445934253088,0.49653632972765344,0.34577240432401624
11,0.9226930698542061,0.8359570197807195,0.8449145284597398
11,0.07383393424109697,0.3942393142849048,0.46012155962714746
11,0.35793165944545424,0.5751568190865631,0.4713941603839051
11,0.6197073300971732,1.170527569998566,1.2308548342847607
11,0.09541483915191318,0.4105679987043949,0.43682343109113236
11,0.052395834023548526,0.37847850918143805,0.28051990663310344
11,0.24759380676993226,0.49712682140167097,0.7103655497031445
11,0.43020359623299065,0.698358183768943,0.7876066939420368
11,0.2589852823433968,0.5016814508038345,0.7013288027481108
11,0.6642142416170336,1.258065608258849,1.2812081413036072
11,0.03318372441847972,0.3647154098673951,0.4627224052333434
11,0.3029759841487287,0.5230731684819505,0.5045948099426829
11,0.4745285062582626,0.8075975395852907,0.8506719404302935
11,0.16392276497631952,0.4503604717644947,0.4579962028184014
11,0.9734469483547947,0.27769298607753223,0.21705364921815531
11,0.5466382777987454,1.0146259256802443,1.131416752657433
11,0.8271634984282479,1.3096550881511186,1.2186649060624504
11,0.7543091544721335,1.3718428541007608,1.356863654926774
11,0.5909428332022068,1.1123214702276618,1.1371252602661797
11,0.3709492311110214,0.594825289635635,0.5616008202448437
11,0.6286272638751557,1.1884473968301426,1.309417125394456
11,0.24202730632992198,0.49505580871390853,0.4658075532138269
11,0.4246204511335868,0.687650226869344,0.6144905992567395
11,0.6085581738236776,1.1480059076480633,1.2557509830123261
11,0.3830531112752793,0.614124578641554,0.8033431758315595
11,0.7279597046282891,1.3494559189347126,1.2512340083459244
11,0.04698580183845291,0.3745694553804922,0.3142648333458374
11,0.04287310018628765,0.371615533048743,0.3214885086881576
11,0.7166427924228801,1.3365322091659684,1.453998788871608
11,0.6302347160112581,1.1916635723811266,1.144281463214805
11,0.7964599917146212,1.3632634934495256,1.3989813095601182
11,0.9439063070683578,0.6377943147434422,0.6051516312497515
11,0.48805300899474424,0.8451596985289864,1.0345518474303605
11,0.09730735455453043,0.4120233094656802,0.46851516292408635
11,0.20521123251800022,0.4765414008695155,0.4494688515783996
11,0.5094908018448328,0.9059972404281887,0.8581774489584019
11,0.4669066794857716,0.7867269189883772,0.9958886006919646
11,0.7641555614499623,1.376903879319864,1.3029786699503467
11,0.08173050636876045,0.40015825911890746,0.3827176226425017
11,0.2790286288431998,0.5106980469238693,0.3895976090276543
11,0.08701543380685473,0.4041552344384853,0.5330424441082439
11,0.17996492716587587,0.460045431618134,0.5971689512431683
11,0.7439991728104235,1.3645048024248592,1.522746269198341
11,0.33167514322335045,0.5400575919339247,0.5288738954572423
11,0.979317367996787,0.19267188261963963,0.14197915588573326
11,0.8974232882317923,1.0179154716606682,1.0865256720966894
11,0.5114021890707298,0.9114935373839207,0.9691259589399813
11,0.662110815202979,1.254072858628174,1.3174236164806643
11,0.6766567449530941,1.2791879214718174,1.3022459483156879
11,0.7852506629230226,1.374763470045783,1.5516563506471224
11,0.32004452740297296,0.5329025805105938,0.5296838903439008
11,0.774876005682326,1.380000233546187,1.4755445218961218
11,0.5527362782799765,1.0327706723039056,0.9456467407848809
11,0.35076750419371794,0.56481742557229,0.6264784859100245
11,0.8937821936337543,1.0398922329764917,1.1844700043935854
11,0.7062808482755205,1.3232600924727609,1.3074413872854966
11,0.7613919876969948,1.3756876482216727,1.4263845204540682
11,0.7425849429332256,1.3633479209779553,1.3172370071479498
11,0.03371230796211444,0.36508972073184487,0.2730172450477127
11,0.618683372082562,1.1684638221232515,1.2311571899799094
11,0.7247519087215645,1.3459720471540046,1.3087630177077032
11,0.75753007645743,1.3737180312089843,1.498905926423048
11,0.8003976080428099,1.3582806555839397,1.3348701248962338
11,0.9457786216115993,0.6180501156645188,0.5022812438342512
12,0.6818021884693976,0.6951221969345631,0.7048592767322462
12,0.9889229730781984,0.8979619812218947,0.9683979364256123
12,0.7273791415198078,0.825115579734706,0.7649609687892729
12,0.6833078220618228,0.699452512780098,0.6043681684668882
12,0.6537618879199514,0.6189541527585138,0.689975223295793
12,0.1296936495054457,-0.1157720428964556,-0.043009006762059515
12,0.9968268475947637,0.8418536376169987,0.8522468179610646
12,0.19001769352245046,-0.11258932186283141,-0.1980054361928038
12,0.0937393058769499,-0.114986373785264,-0.16158885704381476
12,0.9195997603551156,1.1533982092364297,1.2045127829888105
12,0.5677281318585071,0.40897521360553357,0.47085825746109095
12,0.1065743861860804,-0.11419348165478205,0.09916113910327884
12,0.9113447767073908,1.162024069664359,1.0682030916993612
12,0.36482093190408904,-0.02729083534915522,0.035646453184981386
12,0.03433894674161608,-0.11330777973251184,-0.2599104609068069
12,0.778591429625934,0.9616877445437987,0.9805015435783314
12,0.909675214387677,1.163336268076977,1.085628600073613
12,0.17456467205893778,-0.11487732176568445,-0.16779578974316028
12,0.2810263189631603,-0.10661241272722814,-0.1544566896016778
12,0.556966380589734,0.38416274074067314,0.37304286521162516
12,0.42232996733717365,0.10246850232141211,0.024971143686744718
12,0.07530322685234925,-0.11537059806694358,-0.11710182465066825
12,0.46880038199816043,0.20019172289775466,0.1767851640580454
12,0.4588332100130573,0.1820486665516529,0.026084656734748884
12,0.3935438084991636,0.03538324652571694,0.1814823713094053
12,0.9070255398363056,1.1651323041782313,1.2385130663531108
12,0.10478560978384366,-0.11433077337293439,-0.13206167222380094
12,0.43370147586812346,0.1301264659264646,-0.00953327610815971
12,0.139571401104029,-0.11627847037058997,-0.2640986643463884
12,0.41028713181214493,0.0738885181226028,-0.03058072525316749
12,0.8953463123532504,1.1690750123759568,1.2149069110350568
12,0.6302753518423435,0.5599865729058259,0.6982738648891603
12,0.7859084652786111,0.9819896661880928,0.8864322703213973
12,0.5640072431567181,0.40035294474240324,0.4301728203283927
12,0.8594529108867329,1.141729016048706,1.2286689411904974
12,0.7042962105805699,0.7596948284212873,0.748153282487504
12,0.3498538795442486,-0.058235187387437604,0.03489278490971219
12,0.5328679155705176,0.32986693351650825,0.3875026657257505
12,0.23696611600173234,-0.10682642944149355,0.1783386616907709
12,0.8469084483555551,1.1222347659365888,1.2229158781518301
12,0.5210596986679246,0.30431443154905535,0.27210436512254055
12,0.017300261560706298,-0.11137503797948332,0.05757600875899253
12,0.6999709448269172,0.7473137481363809,0.7833507270989646
12,0.615852549780985,0.5242664999669296,0.6268662502627815
12,0.7668341344608816,0.9317577669311524,0.8624835944590818
12,0.80337243847249,1.028086590640762,1.044179125255852
12,0.5458231683196834,0.3587188209359455,0.324405090613166
12,0.0756286428946441,-0.11537124582595974,-0.05576649157867812
12,0.7355792492120071,0.8479565746224942,0.9536842090164407
12,0.8130379162131147,1.0518794716163153,0.9262183669641809
12,0.17029226573161238,-0.1153250162493368,-0.14597625599154834
12,0.3205435676650128,-0.0963857925531626,-0.08722572546218951
12,0.7328698597382608,0.8404396364562317,0.8633275192525172
12,0.583590979511041,0.446230560288975,0.39237113787937145
12,0.04599357887549416,-0.11427999073688712,-0.24274187391548352
12,0.272653452538138,-0.10755212451024017,0.1377345396718469
12,0.9235645180970784,1.147932345234917,1.1423222464835974
12,0.06609808341462808,-0.1152453855200523,-0.035792304739610856
12,0.14107916195366577,-0.11632188899997081,-0.07023492982994717
12,0.8524694664176948,1.131388144372905,1.3251665738091467
12,0.9080847239879615,1.1644560715176258,1.1673047837110586
12,0.2730781525397744,-0.10751470569971626,-0.25137738348732663
12,0.9165543146952014,1.1570038701851448,1.0774537767497026
12,0.41965559814608344,0.09605825884927813,0.129308848506208
12,0.9627745052772111,1.0391782060660897,1.1228049856776567
12,0.9108398962022047,1.1624357880414742,1.112229687955015
12,0.05320637896323177,-0.11473250485997787,-0.13610282218970457
12,0.983600377993625,0.9320185457550719,0.9354631780440096
12,0.5796697209514703,0.43694787704859767,0.5175506198745649
12,0.30704131136415047,-0.10096017459847102,0.0177620975838612
12,0.7888845708661567,0.9900937726605186,1.0608388325316687
12,0.13556393014729318,-0.11611919995100518,-0.17469614018886992
12,0.4165056703472618,0.08855450885248616,0.21199497938803646
12,0.049918138337911144,-0.1145406395672505,-0.20827931733424573
12,0.37835720952693275,0.0017096776972872648,-0.0037190983707325606
12,0.29865036317462756,-0.10323684483489283,-0.05151867821926215
12,0.6445826318366925,0.5958119781764026,0.840097591830743
12,0.5579489767428512,0.3864122373081164,0.12671889803083425
12,0.537225602451,0.3394775283238151,0.2889138987737532
12,0.4064228608008772,0.06487413883939422,0.12713001249734102
12,0.30469870072906635,-0.10163937632927254,-0.0411820239074835
12,0.7417847059014222,0.8650478159589836,0.8249982418918512
12,0.5974315577660557,0.4793601471163346,0.5502473193305124
12,0.29209046376260595,-0.10471541465544662,-0.14502516046666566
12,0.1863846132755934,-0.11322258697705848,-0.1923470772066082
12,0.7665273105812974,0.9309676625903766,0.7544712183335522
12,0.295396850658999,-0.10400316782351615,-0.07265717705724158
12,0.11691367630854821,-0.11455852819667865,-0.02801031862020527
12,0.9938822933118916,0.8635533294549276,0.9576418052376094
12,0.7825149344353722,0.9726381537500708,1.088218598393778
12,0.768356246608093,0.9356658057814399,0.9224845934998921
12,0.7320502846890315,0.8381597557253916,0.9115482417232483
12,0.013836222361623962,-0.11091091937115938,0.04496623168782085
12,0.7832622529388754,0.9747073337732182,0.6730686527611247
12,0.33981592797490323,-0.07832469194028023,-0.05343038613268261
12,0.5677098283558351,0.4089326888962727,0.3663745147270127
12,0.0907965213115951,-0.11510625373844037,-0.2516646565996923
12,0.9716015321672167,0.9985756168292992,1.0413102158535856
12,0.11238070656857424,-0.11398090067139578,-0.3118715396366069
12,0.9081111021647668,1.164438525023577,1.1199074834290534
13,0.3845046170016593,0.542393044400314,0.6642844209648983
13,0.7839238046981695,0.3821235786377746,0.5546328143989758
13,0.013149936987780886,0.6528260090132633,0.4253699224169706
13,0.48836829816110183,0.5683285470693769,0.4509568524739369
13,0.6934689922003004,0.45845420861941977,0.48328356621538626
13,0.07562582271186968,0.5766533791719016,0.6381356704704378
13,0.3626933312089532,0.5384559073195792,0.6788096725492865
13,0.20091597973087316,0.5548782102522487,0.5160162629584238
13,0.7185317094000281,0.43677926524709393,0.5093600673243847
13,0.8380650890582633,0.34759094475992525,0.490001791162349
13,0.9879074154198116,-0.1884381106746707,-0.024963298748050866
13,0.6547758571355812,0.4934155284369336,0.5945772689161488
13,0.7630302911585624,0.39878452471461967,0.5122314219235391
13,0.9894724163677882,-0.1971750092356348,-0.18960385457869391
13,0.9026970880755482,0.2433862241778996,0.21444705708398318
13,0.8816511151000919,0.31430792199917523,0.30537889066827995
13,0.9461227926615696,0.0325315287977484,-0.013478832261642815
13,0.3172557284749735,0.5382420084588025,0.37586742128977013
13,0.6150380444282307,0.5309914822731097,0.46534413643948386
13,0.23112320408315146,0.5593914030582713,0.7351104323004615
13,0.5817690696754919,0.5635375914104985,0.5514570452118116
13,0.7600720469294463,0.40133169680757813,0.6151812740754945
13,0.43647356891432487,0.5604008855838642,0.3885804062784559
13,0.4480330911202962,0.5642902551043937,0.5716261346458072
13,0.3926142699120424,0.5443962967814923,0.5753832152712964
13,0.8380432102745707,0.3476058528546943,0.26910253014715874
13,0.6064513551437636,0.5392857420047417,0.5039894817261563
13,0.5428578608347969,0.5845135995431372,0.5164657258256123
13,0.9514050662302952,0.00575690353720266,0.04388467508348684
13,0.45339943331582366,0.5644278168227518,0.4083714129765259
13,0.2927864416441347,0.5421460398979971,0.5938217734582922
13,0.1991260753812114,0.5542661237478969,0.4842101487548205
13,0.019834133790282538,0.6441473752230302,0.7121021392983998
13,0.6585809934087238,0.4898744243986051,0.17479826556071476
13,0.40898431730654383,0.5493407527286706,0.34560801756816106
13,0.9936849135724671,-0.22088144491333675,-0.3040812117518249
13,0.9691850331148611,-0.08667692819477137,-0.2291275536239364
13,0.4683989531212597,0.5654675156687408,0.565377573791135
13,0.7558015238000413,0.40499677896397124,0.4042717031057374
13,0.6606642021129154,0.48793897139228326,0.5392133874697155
13,0.2145752660619331,0.5598583084925192,0.6720315276815436
13,0.6141471984292174,0.5318487618651969,0.7085637533688914
13,0.3053159434843513,0.5399584304548638,0.5896362486064631
13,0.6659207699892956,0.4830643805820461,0.3263938713796369
13,0.9584110516833506,-0.030221734029249044,0.03914324141905165
13,0.8448585474752606,0.34289554479188866,0.27294640099180023
13,0.3005398284731805,0.5407446154573878,0.5002543634308761
13,0.9280892046200637,0.12190376804624432,0.12781894503858443
13,0.6608908813936422,0.48772849975360305,0.4090905316749913
13,0.7628726503981397,0.39892045193198683,0.35610849793547683
13,0.4108437936281295,0.5499791914887501,0.7903180537874576
13,0.7533500933262629,0.40709525325152174,0.45044486047920523
13,0.8845049859890397,0.31179810902219474,0.37856355679652354
13,0.8141273497395266,0.36327327963337047,0.4087315631526304
13,0.6308847270388153,0.5158596418143467,0.6310650656629004
13,0.17629386279345227,0.5473447813589002,0.6712921214753351
13,0.5192791531590795,0.5760219585914372,0.5073291329715236
13,0.2412663112429505,0.5557492199470209,0.5643874616345759
13,0.2774647352288796,0.5453881987306215,0.38393863819716606
13,0.4805088868620022,0.5670029507521518,0.6423305779980935
13,0.3754288876124716,0.5404987159058459,0.5306074029626452
13,0.045727151467191085,0.6117384683904065,0.6312355572633024
13,0.669435836138043,0.47985730922450837,0.6308033810568952
13,0.5398911799131592,0.5833215769987744,0.4775840378648356
13,0.6512219035666628,0.4967302230564916,0.682375551367239
13,0.34017243595018687,0.5365932028710895,0.4576602511236147
13,0.1403560028257912,0.5401564231043969,0.5595201271016201
13,0.7012318878542464,0.4516841256425831,0.49908605365606556
13,0.6693308486993454,0.47995250540036416,0.4956670815769694
13,0.8863061291257012,0.31018749783302507,0.32181787469941925
13,0.33968012271349635,0.5365773990420083,0.41951268842087414
13,0.4799027956891926,0.5669114477681982,0.4787125923309158
13,0.6478946611921534,0.4998403806929823,0.45126104712475595
13,0.5308728802671232,0.5799159905566953,0.5973528526635893
13,0.8619917255305447,0.3303494022737979,0.18030557243716422
13,0.4820843399980218,0.5672479956371658,0.5828423918014403
13,0.17647166952834215,0.5473920407007784,0.4046942520596184
13,0.5887537824044797,0.5566103780833885,0.575595940201171
13,0.6827464807244048,0.4679127536508028,0.42139907406559973
13,0.8573294279574768,0.33387711260135716,0.2112277068304205
13,0.252619375310286,0.5520688131962084,0.6537928503049165
13,0.7832097009726898,0.3825670820547375,0.45410727350912106
13,0.14658335247221455,0.5410489026574966,0.4769763259354288
13,0.6597255218061463,0.48881080454789394,0.3691525529257289
13,0.14280808454989502,0.5404892709997524,0.5515421327663416
13,0.8608832439980343,0.3311966347535069,0.2947280362661605
13,0.6346450653591941,0.5122997910941165,0.6688041023374804
13,0.8801025323190301,0.31564880461408146,0.2905057353372986
13,0.8671585384225459,0.326326112638618,0.36165168303785256
13,0.904049104184421,0.23702242610651078,0.2848981658708372
13,0.4320019284094442,0.5583627572277591,0.47537964904744956
13,0.28989138608344156,0.5427098601712755,0.5033219297026492
13,0.7389666241943446,0.4193586177501413,0.5259367825887237
13,0.792474065826857,0.3768188868847559,0.3099774442167353
13,0.5592023419222143,0.586284840204453,0.7517190389651063
13,0.5687485661182472,0.5765926961026684,0.6331856218265868
13,0.6031647742376609,0.5424791820424222,0.6045440213275597
13,0.6003795232428335,0.5451938682156745,0.5847383048498518
13,0.9652335135398041,-0.06580515090262432,0.07195028610072687
13,0.05612067275862809,0.5992620101756363,0.5266482214169607
14,0.9919046142077133,6.5171425102726115,6.600873348432785
14,0.17925070121271436,-0.33811362254099,-0.2797395475291022
14,0.2245253072815182,-0.26751045300637544,-0.3531767905072386
14,0.2569037206658962,-0.18780597864945128,-0.1514158997317696
14,0.9657036284505418,5.4115764892839735,5.341211165518029
14,0.15019485455853743,-0.3773130514948769,-0.47686490237641993
14,0.2667634235157256,-0.1624498431724551,-0.09364767728634728
14,0.4735897729019345,0.31351192747360496,0.3915519104708684
14,0.4744230880299035,0.3148964894970633,0.27021195818419635
14,0.1687537432505728,-0.3527249840284267,-0.48599235477866076
14,0.8240152822593467,2.0492807178113916,2.1212038697121622
14,0.6085279478545353,0.5966023822477847,0.7471216345369758
14,0.7215276079330677,1.1005449820395128,1.0620619262398865
14,0.3563130794617403,0.06937402076377927,-0.021948640313656634
14,0.8338755851146927,2.180090143612365,2.0195361267481764
14,0.43849833465257526,0.2518292562062289,0.3434027431548737
14,0.4952543478716488,0.3500823040120237,0.3609080814711773
14,0.028994804919216022,-0.3689991088684855,-0.46691936120685135
14,0.3653339036874982,0.08851404422147206,-0.10056716977037435
14,0.2913213177780871,-0.09715271490693592,-0.05363911678510555
14,0.47174645166588547,0.31045451658716094,0.3587928582077611
14,0.4024592365429117,0.1694518965817946,0.2851333717050801
14,0.32739074063790663,0.004179519503009169,-0.04354420840473714
14,0.0803845947815569,-0.405167792645949,-0.5722715020223614
14,0.7389352084926467,1.2222159030404716,1.186653283511725
14,0.36921172704856475,0.09680265590167522,0.05582580054897801
14,0.7192580167175179,1.085697936286903,1.225704329138328
14,0.7743826401625896,1.5196669242243719,1.6051751165309325
14,0.4370499705446601,0.24843514063765534,0.26794798346877335
14,0.19227817733268127,-0.3192707180316117,-0.5016700405207182
14,0.626266704184714,0.6502190823308581,0.5504821562248681
14,0.7348134819540807,1.1921065758040499,1.097538542960288
14,0.9210674667251406,3.934231062531346,3.817335067665829
14,0.3797737335756549,0.11956824975909804,0.10666287129490419
14,0.46642414358477535,0.3016651579041967,0.23189666299842454
14,0.10470708151682562,-0.42015863516718305,-0.4080543042837423
14,0.18434011369435388,-0.33084589734751757,-0.26339021283295355
14,0.6830889107659577,0.8762126996107639,0.9122740882764483
14,0.10500605374493666,-0.4203349824792579,-0.5529648411791376
14,0.39528459809723393,0.1535240685413278,0.10583447561309134
14,0.2994836049038768,-0.07478280016169521,0.0936178074178156
14,0.22422223508712236,-0.26823018553637146,-0.3751645813227191
14,0.9463862761709216,4.715638892691585,4.701616753581389
14,0.5130836143827028,0.38133412004656697,0.4482634521538603
14,0.03628293354801415,-0.37452268676168393,-0.32669264032613765
14,0.7905778316546344,1.672650054216741,1.6204073952401767
14,0.8911621410575401,3.172721578872626,3.175295387718434
14,0.2693001693640772,-0.15584577445486744,-0.27233585096806323
14,0.5518721090526836,0.4549102207756302,0.5579630037307389
14,0.21627574641368175,-0.28249595284142814,-0.1857196551902398
14,0.6292457587463959,0.6597622947080203,0.7335526055150722
14,0.4041201296974345,0.1731599085522179,0.1901102983286873
14,0.9583226332546861,5.134599660130337,5.1540757667333645
14,0.8198426910613881,1.9968346906230776,2.065293132290844
14,0.5080428634486889,0.3723697397653113,0.40371585993769354
14,0.548833975524506,0.4487914253825752,0.311005078034173
14,0.6343945661667959,0.676652491675817,0.7355172293869775
14,0.864082194154419,2.6480030529514824,2.8773150264564427
14,0.3454313325589523,0.04654372657781706,0.10109401604898419
14,0.7099902581659232,1.0273156086425408,1.1619333572946149
14,0.752653994364052,1.3287579333925799,1.4227671593263609
14,0.5894541739753695,0.5443488972442095,0.5300516373238334
14,0.3579890421569645,0.0729151984620326,-0.012754664652080347
14,0.27862353126981043,-0.13129355547137664,-0.14941339199852513
14,0.34740367783423143,0.05066108982720358,0.1057353662936456
14,0.6256558010615169,0.6482822949330049,0.6592534262612119
14,0.4834261309702528,0.3299586226374271,0.4040747316959995
14,0.8091091257223028,1.869392857054179,1.8674297243959264
14,0.5069286509447447,0.37040283858413436,0.19667039076804538
14,0.6499585906935287,0.7309991302043363,0.8043739402643679
14,0.8246591583028882,2.057524229749515,2.0017058430125276
14,0.6040018382969177,0.5837330911012665,0.5655210320642691
14,0.3093515428668291,-0.0472988316463098,-0.05180092233201743
14,0.007811801276558672,-0.35216105590445773,-0.33545191463036694
14,0.029838954686457697,-0.36964582880510205,-0.36509841999225257
14,0.40793509552631135,0.18170728767298738,0.3094575212145445
14,0.5425313855229623,0.43631720708244326,0.44504702679346
14,0.481286467483222,0.32636083387469894,0.35622539202141945
14,0.04853279401524202,-0.38350542670811844,-0.2657567073173246
14,0.07446038294736168,-0.401317947604001,-0.40328313240779995
14,0.5074004217830207,0.37123502280771353,0.3640235521249125
14,0.6485808486969166,0.7259765677724829,0.7506540756591489
14,0.2023103189631198,-0.30422350118688535,-0.3254109013469787
14,0.18162688853418807,-0.33473532898443703,-0.5264020446182733
14,0.19026159901672157,-0.3222389523851877,-0.2528061269514467
14,0.957525325541043,5.105519485720343,5.041201439753909
14,0.9998867348555851,6.895530786847729,6.776255247346462
14,0.021174082415053697,-0.36291989723403995,-0.4958498463700919
14,0.17767736596890904,-0.3403361020357253,-0.29041107393237003
14,0.9598051438712651,5.189100559596997,5.239282580823783
14,0.27214204170767475,-0.1484085349678197,-0.2795465318988273
14,0.017034378105176162,-0.3596373848858561,-0.32792395766561633
14,0.48850325482772927,0.33854545082843807,0.28406780459714254
14,0.18540749867865058,-0.32930644733321623,-0.2092723836182932
14,0.5443302675413004,0.4398484181572687,0.4222040119198974
14,0.9760886594169456,5.826036237155323,5.734077538227651
14,0.35992325552149385,0.0770104039984107,0.03356289335124981
14,0.8638460024314313,2.6439114779904465,2.6124235971640997
14,0.14972604267807965,-0.37791358343955767,-0.27287824183909537
14,0.5690623433440387,0.4936060129383604,0.4857522655453991
